{
    "50": {
        "densities": [
            0.1,
            0.2,
            0.3,
            0.4,
            0.5,
            0.6,
            0.7,
            0.8,
            0.9
        ],
        "velocities": [
            2.1235677729528537,
            1.365043023255814,
            1.006441711451013,
            0.8053761044799256,
            0.6988394407242065,
            0.6304255374121538,
            0.5847918327575515,
            0.5484739769028059,
            0.4467237340682052
        ],
        "ci_lower": [
            2.070868141168131,
            1.336385424786318,
            0.9947987688095586,
            0.7897781249141516,
            0.695323769737273,
            0.6221375189267632,
            0.5755374469707428,
            0.5405664697599917,
            0.4402729654274623
        ],
        "ci_upper": [
            2.1762674047375765,
            1.3937006217253098,
            1.018084654092467,
            0.8209740840456996,
            0.70235511171114,
            0.6387135558975444,
            0.5940462185443602,
            0.55638148404562,
            0.4531745027089481
        ],
        "std_error": [
            0.018980973794894645,
            0.01032168740374005,
            0.004193471219602871,
            0.0056179679319331675,
            0.0012662490536376292,
            0.0029851188016916073,
            0.003333178015831655,
            0.002848068967043667,
            0.00232339138586474
        ]
    },
    "75": {
        "densities": [
            0.1,
            0.2,
            0.3,
            0.4,
            0.5,
            0.6,
            0.7,
            0.8,
            0.9
        ],
        "velocities": [
            2.021779621588089,
            1.3103596899224808,
            0.9938680756510955,
            0.8342175631685012,
            0.747443111359127,
            0.684389081231914,
            0.6495149038887412,
            0.6158997636025422,
            0.4959321391663797
        ],
        "ci_lower": [
            1.9846613690282509,
            1.2733066994489664,
            0.9751833841232961,
            0.819646766535545,
            0.7357862013983869,
            0.6757139177393908,
            0.6409548582040496,
            0.6062762883760575,
            0.48690248073166603
        ],
        "ci_upper": [
            2.058897874147927,
            1.3474126803959952,
            1.012552767178895,
            0.8487883598014573,
            0.7591000213198671,
            0.6930642447244372,
            0.6580749495734328,
            0.6255232388290268,
            0.5049617976010934
        ],
        "std_error": [
            0.013368984854175155,
            0.013345479225988425,
            0.006729717613656287,
            0.0052480045817142485,
            0.004198501868060374,
            0.0031245579018588723,
            0.003083095598996837,
            0.003466113991761813,
            0.0032522373368049666
        ]
    },
    "100": {
        "densities": [
            0.1,
            0.2,
            0.3,
            0.4,
            0.5,
            0.6,
            0.7,
            0.8,
            0.9
        ],
        "velocities": [
            1.705325682382134,
            1.1355011627906977,
            0.9320003100454735,
            0.8315491784219502,
            0.7747558593750001,
            0.7341757957833815,
            0.7052509079635042,
            0.6782230468144473,
            0.5542543058904581
        ],
        "ci_lower": [
            1.6795700172583512,
            1.1175446607215265,
            0.9192636785429122,
            0.817092958711177,
            0.7642728192756654,
            0.7251014740028324,
            0.6949722383367725,
            0.6720520184391403,
            0.5444863389769907
        ],
        "ci_upper": [
            1.7310813475059166,
            1.153457664859869,
            0.9447369415480347,
            0.8460053981327234,
            0.7852388994743349,
            0.7432501175639307,
            0.7155295775902359,
            0.6843940751897544,
            0.5640222728039255
        ],
        "std_error": [
            0.00927648995312943,
            0.006467443579401161,
            0.004587388196048575,
            0.005206737091149258,
            0.0037757058764495135,
            0.003268323859009879,
            0.003702097191653108,
            0.002222636551954212,
            0.0035181559668443227
        ]
    },
    "metadata": {
        "timestamp": "20250129_120433",
        "experiment_type": "speed_compliance",
        "n_variables": 3,
        "variable_values": [
            50,
            75,
            100
        ],
        "statistical_info": {
            "confidence_level": 0.95,
            "ci_method": "t-distribution",
            "normality_test": "Shapiro-Wilk",
            "normality_alpha": 0.05
        }
    }
}