{
    "0": {
        "densities": [
            0.1,
            0.15,
            0.2,
            0.25,
            0.3,
            0.35,
            0.4,
            0.45,
            0.5,
            0.55,
            0.6,
            0.65,
            0.7,
            0.75,
            0.8,
            0.85,
            0.9
        ],
        "velocities": [
            2.3522233250620346,
            2.092735841256718,
            1.811455503875969,
            1.5457321428571429,
            1.3762662257131046,
            1.203152374202693,
            1.1031840024802355,
            1.0091801019705113,
            0.9284409722222223,
            0.8539544532130778,
            0.7918987184787102,
            0.7509655632929504,
            0.6966367260164761,
            0.6465115740740741,
            0.5993557587970857,
            0.5131190545666764,
            0.40122824664140544
        ]
    },
    "25": {
        "densities": [
            0.1,
            0.15,
            0.2,
            0.25,
            0.3,
            0.35,
            0.4,
            0.45,
            0.5,
            0.55,
            0.6,
            0.65,
            0.7,
            0.75,
            0.8,
            0.85,
            0.9
        ],
        "velocities": [
            2.1422928039702236,
            1.8558197602315005,
            1.597468527131783,
            1.3924434523809524,
            1.2069375775113682,
            1.0802863217576186,
            0.9811278871492792,
            0.8906727297781453,
            0.8382539682539683,
            0.7696410372040586,
            0.7260376188507647,
            0.6826904512067156,
            0.6365194437062628,
            0.5931385582010582,
            0.5398006510618509,
            0.4643656259118763,
            0.3718492593868412
        ]
    },
    "50": {
        "densities": [
            0.1,
            0.15,
            0.2,
            0.25,
            0.3,
            0.35,
            0.4,
            0.45,
            0.5,
            0.55,
            0.6,
            0.65,
            0.7,
            0.75,
            0.8,
            0.85,
            0.9
        ],
        "velocities": [
            1.927545905707196,
            1.6598875568416702,
            1.4054772093023256,
            1.1946289682539681,
            1.0710177759404713,
            0.9537150956768251,
            0.848016741590451,
            0.7887639520463001,
            0.7370109126984128,
            0.6974254791431792,
            0.6481802397684994,
            0.613060383478012,
            0.5746074940207282,
            0.5400125661375661,
            0.48754549682219805,
            0.4298864896410855,
            0.3259819497071994
        ]
    },
    "75": {
        "densities": [
            0.1,
            0.15,
            0.2,
            0.25,
            0.3,
            0.35,
            0.4,
            0.45,
            0.5,
            0.55,
            0.6,
            0.65,
            0.7,
            0.75,
            0.8,
            0.85,
            0.9
        ],
        "velocities": [
            1.7305558312655087,
            1.4200512608515914,
            1.1923472868217055,
            1.0170099206349208,
            0.9153980983877636,
            0.8171070163004962,
            0.7457336847000464,
            0.6885633181755546,
            0.6550431547619047,
            0.6113312288613304,
            0.573569243489045,
            0.5375449775827531,
            0.5131983346620604,
            0.4849986772486773,
            0.4425459618663773,
            0.39087131601984243,
            0.2974715811229762
        ]
    },
    "100": {
        "densities": [
            0.1,
            0.15,
            0.2,
            0.25,
            0.3,
            0.35,
            0.4,
            0.45,
            0.5,
            0.55,
            0.6,
            0.65,
            0.7,
            0.75,
            0.8,
            0.85,
            0.9
        ],
        "velocities": [
            1.547801488833747,
            1.2192691194708556,
            1.0054226356589147,
            0.8512718253968254,
            0.7542521703183134,
            0.6858575478384126,
            0.6254137343047589,
            0.5757861375223922,
            0.5507247023809523,
            0.5159549041713642,
            0.492426209177346,
            0.4686444720022894,
            0.4525853485694039,
            0.4184904100529101,
            0.3882436831498992,
            0.3439241318937846,
            0.2631063038236307
        ]
    }
}