{
    "64": {
        "densities": [
            0.05,
            0.1,
            0.15,
            0.2
        ],
        "velocities": [
            1.7133556916873451,
            1.273752907878412,
            0.9427665357585779,
            0.7485061821705427
        ],
        "ci_lower": [
            1.7112001086879296,
            1.2712418017076157,
            0.9408148708228986,
            0.7468754761400156
        ],
        "ci_upper": [
            1.7155112746867607,
            1.2762640140492083,
            0.9447182006942573,
            0.7501368882010697
        ]
    },
    "128": {
        "densities": [
            0.05,
            0.1,
            0.15,
            0.2
        ],
        "velocities": [
            1.800589038461539,
            1.2984554560135344,
            0.9387849671862182,
            0.7448314845432177
        ],
        "ci_lower": [
            1.7990415107829667,
            1.2964136850448764,
            0.936801112443188,
            0.7434431462332833
        ],
        "ci_upper": [
            1.8021365661401114,
            1.3004972269821924,
            0.9407688219292484,
            0.746219822853152
        ]
    }
}