blocks_size,density,velocity,ci_lower,ci_upper,n_samples
64,0.05,1.7133556916873451,1.7112001086879296,1.7155112746867607,100
64,0.1,1.273752907878412,1.2712418017076157,1.2762640140492083,100
64,0.15,0.9427665357585779,0.9408148708228986,0.9447182006942573,100
64,0.2,0.7485061821705427,0.7468754761400156,0.7501368882010697,100
128,0.05,1.800589038461539,1.7990415107829667,1.8021365661401114,100
128,0.1,1.2984554560135344,1.2964136850448764,1.3004972269821924,100
128,0.15,0.9387849671862182,0.936801112443188,0.9407688219292484,100
128,0.2,0.7448314845432177,0.7434431462332833,0.746219822853152,100
