{
    "32": {
        "densities": [
            0.05,
            0.1,
            0.15,
            0.2,
            0.25,
            0.3,
            0.35,
            0.4,
            0.45,
            0.5,
            0.55,
            0.6,
            0.65,
            0.7,
            0.75,
            0.8,
            0.85,
            0.9
        ],
        "velocities": [
            1.7643147421524663,
            1.6406862745098039,
            1.135026138909634,
            0.7732550406048725,
            0.3959523409498208,
            0.20979859036594473,
            0.18879420707313171,
            0.17473484318118176,
            0.14764390168014935,
            0.05439488127240144,
            0.043717540733197544,
            0.03944565014468403,
            0.03568089781147683,
            0.03492329386350908,
            0.031174861857825566,
            0.031816192943153174,
            0.031185346247611517,
            0.0260718730553827
        ],
        "ci_lower": [
            1.7643147421524663,
            1.6406862745098039,
            1.135026138909634,
            0.7732550406048725,
            0.3959523409498208,
            0.20979859036594473,
            0.18879420707313171,
            0.17473484318118176,
            0.14764390168014935,
            0.05439488127240144,
            0.043717540733197544,
            0.03944565014468403,
            0.03568089781147683,
            0.03492329386350908,
            0.031174861857825566,
            0.031816192943153174,
            0.031185346247611517,
            0.0260718730553827
        ],
        "ci_upper": [
            1.7643147421524663,
            1.6406862745098039,
            1.135026138909634,
            0.7732550406048725,
            0.3959523409498208,
            0.20979859036594473,
            0.18879420707313171,
            0.17473484318118176,
            0.14764390168014935,
            0.05439488127240144,
            0.043717540733197544,
            0.03944565014468403,
            0.03568089781147683,
            0.03492329386350908,
            0.031174861857825566,
            0.031816192943153174,
            0.031185346247611517,
            0.0260718730553827
        ],
        "std_error": [
            0.0,
            0.0,
            0.0,
            0.0,
            0.0,
            0.0,
            0.0,
            0.0,
            0.0,
            0.0,
            0.0,
            0.0,
            0.0,
            0.0,
            0.0,
            0.0,
            0.0,
            0.0
        ]
    },
    "metadata": {
        "timestamp": "29011246",
        "experiment_type": "road_length",
        "n_variables": 1,
        "variable_values": [
            32
        ],
        "statistical_info": {
            "confidence_level": 0.95,
            "ci_method": "t-distribution",
            "normality_test": "Shapiro-Wilk",
            "normality_alpha": 0.05
        }
    }
}