{
    "64": {
        "densities": [
            0.1,
            0.2,
            0.3,
            0.4
        ],
        "velocities": [
            1.2751201923076922,
            0.7503790697674418,
            0.5459572653989252,
            0.44310862656952416
        ],
        "ci_lower": [
            1.2637756946066414,
            0.7387976001745541,
            0.5379957453791092,
            0.4362997252400492
        ],
        "ci_upper": [
            1.286464690008743,
            0.7619605393603296,
            0.5539187854187412,
            0.44991752789899914
        ],
        "std_error": [
            0.004085979470587289,
            0.004171330299744109,
            0.0028675229360419093,
            0.0024523810381584625
        ]
    },
    "128": {
        "densities": [
            0.1,
            0.2,
            0.3,
            0.4
        ],
        "velocities": [
            1.2979829283297446,
            0.7450570978160566,
            0.5368343073925972,
            0.43736936711780994
        ],
        "ci_lower": [
            1.2848990270540108,
            0.741432139771446,
            0.5330149291670835,
            0.432855813334182
        ],
        "ci_upper": [
            1.3110668296054784,
            0.7486820558606672,
            0.5406536856181109,
            0.4418829209014379
        ],
        "std_error": [
            0.004712465321658716,
            0.0013056112789063704,
            0.0013756361393075752,
            0.0016256592918686172
        ]
    },
    "metadata": {
        "timestamp": "29011215",
        "experiment_type": "road_length",
        "n_variables": 2,
        "variable_values": [
            64,
            128
        ],
        "statistical_info": {
            "confidence_level": 0.95,
            "ci_method": "t-distribution",
            "normality_test": "Shapiro-Wilk",
            "normality_alpha": 0.05
        }
    }
}