{
    "128": {
        "densities": [
            0.05,
            0.1,
            0.15,
            0.2,
            0.25,
            0.3,
            0.35,
            0.4,
            0.45,
            0.5,
            0.55,
            0.6,
            0.65,
            0.7,
            0.75,
            0.8,
            0.85,
            0.9,
            0.95
        ],
        "velocities": [
            1.9272384615384617,
            1.6633766533374346,
            1.1530032301066448,
            0.8732149723162104,
            0.7050281434547244,
            0.5186346508766533,
            0.4356885490816416,
            0.4022473854198708,
            0.3711632775119617,
            0.3321850393700787,
            0.3071640288574464,
            0.22650394730096884,
            0.24945047794813552,
            0.2582871957113982,
            0.19333220554461944,
            0.14751239955400053,
            0.07725235208974127,
            0.07053208304853041,
            0.040789516285695784
        ],
        "ci_lower": [
            1.9272384615384617,
            1.6633766533374346,
            1.1530032301066448,
            0.8732149723162104,
            0.7050281434547244,
            0.5186346508766533,
            0.4356885490816416,
            0.4022473854198708,
            0.3711632775119617,
            0.3321850393700787,
            0.3071640288574464,
            0.22650394730096884,
            0.24945047794813552,
            0.2582871957113982,
            0.19333220554461944,
            0.14751239955400053,
            0.07725235208974127,
            0.07053208304853041,
            0.040789516285695784
        ],
        "ci_upper": [
            1.9272384615384617,
            1.6633766533374346,
            1.1530032301066448,
            0.8732149723162104,
            0.7050281434547244,
            0.5186346508766533,
            0.4356885490816416,
            0.4022473854198708,
            0.3711632775119617,
            0.3321850393700787,
            0.3071640288574464,
            0.22650394730096884,
            0.24945047794813552,
            0.2582871957113982,
            0.19333220554461944,
            0.14751239955400053,
            0.07725235208974127,
            0.07053208304853041,
            0.040789516285695784
        ],
        "std_error": [
            0.0,
            0.0,
            0.0,
            0.0,
            0.0,
            0.0,
            0.0,
            0.0,
            0.0,
            0.0,
            0.0,
            0.0,
            0.0,
            0.0,
            0.0,
            0.0,
            0.0,
            0.0,
            0.0
        ]
    },
    "256": {
        "densities": [
            0.05,
            0.1,
            0.15,
            0.2,
            0.25,
            0.3,
            0.35,
            0.4,
            0.45,
            0.5,
            0.55,
            0.6,
            0.65,
            0.7,
            0.75,
            0.8,
            0.85,
            0.9,
            0.95
        ],
        "velocities": [
            1.9531422334558823,
            1.707751225490196,
            1.2349437040441176,
            1.0493235868566175,
            0.8848985140931372,
            0.7445210375816995,
            0.6393404236694678,
            0.5581684187346815,
            0.4873995778867103,
            0.44102117800245094,
            0.4062736742424242,
            0.38063310610702616,
            0.3535378664687029,
            0.3271234079569328,
            0.29808274611928104,
            0.2603748994715073,
            0.2115936103301615,
            0.11822289028458606,
            0.06808625999742002
        ],
        "ci_lower": [
            1.9531422334558823,
            1.707751225490196,
            1.2349437040441176,
            1.0493235868566175,
            0.8848985140931372,
            0.7445210375816995,
            0.6393404236694678,
            0.5581684187346815,
            0.4873995778867103,
            0.44102117800245094,
            0.4062736742424242,
            0.38063310610702616,
            0.3535378664687029,
            0.3271234079569328,
            0.29808274611928104,
            0.2603748994715073,
            0.2115936103301615,
            0.11822289028458606,
            0.06808625999742002
        ],
        "ci_upper": [
            1.9531422334558823,
            1.707751225490196,
            1.2349437040441176,
            1.0493235868566175,
            0.8848985140931372,
            0.7445210375816995,
            0.6393404236694678,
            0.5581684187346815,
            0.4873995778867103,
            0.44102117800245094,
            0.4062736742424242,
            0.38063310610702616,
            0.3535378664687029,
            0.3271234079569328,
            0.29808274611928104,
            0.2603748994715073,
            0.2115936103301615,
            0.11822289028458606,
            0.06808625999742002
        ],
        "std_error": [
            0.0,
            0.0,
            0.0,
            0.0,
            0.0,
            0.0,
            0.0,
            0.0,
            0.0,
            0.0,
            0.0,
            0.0,
            0.0,
            0.0,
            0.0,
            0.0,
            0.0,
            0.0,
            0.0
        ]
    },
    "metadata": {
        "timestamp": "29011241",
        "experiment_type": "road_length",
        "n_variables": 2,
        "variable_values": [
            128,
            256
        ],
        "statistical_info": {
            "confidence_level": 0.95,
            "ci_method": "t-distribution",
            "normality_test": "Shapiro-Wilk",
            "normality_alpha": 0.05
        }
    }
}