{
    "32": {
        "densities": [
            0.05,
            0.1,
            0.15,
            0.2,
            0.25,
            0.3,
            0.35,
            0.4,
            0.45,
            0.5,
            0.55,
            0.6,
            0.65,
            0.7,
            0.75,
            0.8,
            0.85,
            0.9
        ],
        "velocities": [
            1.747068385650224,
            1.6144698879551818,
            1.1492965832710977,
            0.7795873004760573,
            0.4389569332437276,
            0.43125,
            0.27627200352056325,
            0.07427121254550546,
            0.0642747355320473,
            0.07769125224014337,
            0.07219539205702649,
            0.039321851955568005,
            0.03979385662588317,
            0.04125650052004161,
            0.036784554211469526,
            0.03523986628395408,
            0.03008573828819925,
            0.0301397790914748
        ],
        "ci_lower": [
            1.7458598432273964,
            1.5970605223773926,
            1.1312179211069266,
            0.7327777476198809,
            0.29229859177510736,
            0.3254719926019324,
            0.09946827399958677,
            0.03950384084356836,
            0.033318215538438875,
            0.028792046353904865,
            0.031720795075840406,
            0.03895525167077866,
            0.03305454082914279,
            0.028627398456326267,
            0.027746723088244312,
            0.03094099227931586,
            0.027608268747908043,
            0.025785901082055116
        ],
        "ci_upper": [
            1.7482769280730517,
            1.631879253532971,
            1.1673752454352688,
            0.8263968533322337,
            0.5856152747123478,
            0.5370280073980677,
            0.4530757330415397,
            0.10903858424744256,
            0.09523125552565571,
            0.12659045812638187,
            0.11266998903821257,
            0.03968845224035735,
            0.046533172422623545,
            0.05388560258375695,
            0.04582238533469474,
            0.03953874028859229,
            0.03256320782849046,
            0.03449365710089448
        ],
        "std_error": [
            0.00043528410504678385,
            0.006270379898812695,
            0.006511442322531751,
            0.016859527591071018,
            0.0528223450894312,
            0.03809836081399198,
            0.0636798938289762,
            0.012522261519541267,
            0.011149696399779179,
            0.017612163768227947,
            0.014577848813006732,
            0.00013203945005180702,
            0.0024273182221840666,
            0.004548659017270799,
            0.0032551809168873676,
            0.0015483374753530227,
            0.0008923171344728276,
            0.0015681484216161024
        ]
    },
    "64": {
        "densities": [
            0.05,
            0.1,
            0.15,
            0.2,
            0.25,
            0.3,
            0.35,
            0.4,
            0.45,
            0.5,
            0.55,
            0.6,
            0.65,
            0.7,
            0.75,
            0.8,
            0.85,
            0.9
        ],
        "velocities": [
            1.8750139578163771,
            1.6758568548387096,
            1.119695638693675,
            0.8568426356589146,
            0.6032372271825397,
            0.4028335572550642,
            0.44523409815733517,
            0.35357929003255306,
            0.14308116301502,
            0.14076063368055555,
            0.06920941375422773,
            0.05823183650268706,
            0.12985142611847755,
            0.0871423509611126,
            0.09411840691137566,
            0.07293307239187723,
            0.03897714838050773,
            0.024325525318635893
        ],
        "ci_lower": [
            1.8715422463527338,
            1.6637785812571257,
            1.0950705290179696,
            0.851557452419411,
            0.48819568308722316,
            0.3092257041263318,
            0.3539114516026467,
            0.2777992660337023,
            0.009600436035638482,
            0.09418136599661135,
            0.044214760424783145,
            0.013045916098136615,
            0.10578191213712829,
            0.037258749803278625,
            0.08037209782434514,
            0.046635811607672065,
            0.022286602909955967,
            0.016955956486419364
        ],
        "ci_upper": [
            1.8784856692800205,
            1.6879351284202935,
            1.1443207483693802,
            0.8621278188984182,
            0.7182787712778562,
            0.4964414103837966,
            0.5365567447120236,
            0.4293593140314038,
            0.2765618899944015,
            0.18733990136449974,
            0.09420406708367232,
            0.1034177569072375,
            0.15392094009982682,
            0.13702595211894658,
            0.10786471599840618,
            0.09923033317608239,
            0.0556676938510595,
            0.03169509415085242
        ],
        "std_error": [
            0.001250416029167626,
            0.0043502655820466755,
            0.00886929463492888,
            0.0019035792314456921,
            0.041434834738834414,
            0.033715002307623004,
            0.03289193306351449,
            0.027293903220698485,
            0.048076126817523414,
            0.016776585136418828,
            0.009002394206408746,
            0.01627473934923389,
            0.008669184179542608,
            0.017966716166815833,
            0.004951046595985626,
            0.009471557977131947,
            0.006011480450056549,
            0.002654318220958129
        ]
    },
    "128": {
        "densities": [
            0.05,
            0.1,
            0.15,
            0.2,
            0.25,
            0.3,
            0.35,
            0.4,
            0.45,
            0.5,
            0.55,
            0.6,
            0.65,
            0.7,
            0.75,
            0.8,
            0.85,
            0.9
        ],
        "velocities": [
            1.9310846153846153,
            1.6641045063057522,
            1.1332021636587366,
            0.8531513380498309,
            0.6783503014271655,
            0.44930995591100176,
            0.3141889665172687,
            0.2786222508458936,
            0.3530774948735475,
            0.357562592273622,
            0.26268000950729825,
            0.2839601168811196,
            0.2753520135339769,
            0.16870210475437208,
            0.17468329642388453,
            0.19750110538659693,
            0.0992725710150172,
            0.0764002904989747
        ],
        "ci_lower": [
            1.9299597388996752,
            1.652109035923735,
            1.1010332490829242,
            0.8368427358084234,
            0.6505434081460687,
            0.3434819862413657,
            0.20330183399066773,
            0.19144751295875517,
            0.315552181093778,
            0.3460442732611403,
            0.24205732706789135,
            0.2582852126573078,
            0.2695150652238753,
            0.1138291804118151,
            0.13203061113622466,
            0.15799844429677387,
            0.06420127343667123,
            0.060986968734362004
        ],
        "ci_upper": [
            1.9322094918695554,
            1.6760999766877696,
            1.165371078234549,
            0.8694599402912384,
            0.7061571947082622,
            0.5551379255806378,
            0.42507609904386967,
            0.365796988733032,
            0.39060280865331704,
            0.36908091128610376,
            0.28330269194670515,
            0.3096350211049314,
            0.28118896184407854,
            0.22357502909692906,
            0.2173359817115444,
            0.23700376647642,
            0.13434386859336317,
            0.0918136122635874
        ],