{
    "32": {
        "densities": [
            0.05,
            0.1
        ],
        "velocities": [
            1.7626261210762333,
            1.636736694677871
        ],
        "ci_lower": [
            1.7626261210762333,
            1.636736694677871
        ],
        "ci_upper": [
            1.7626261210762333,
            1.636736694677871
        ],
        "std_error": [
            0.0,
            0.0
        ]
    },
    "metadata": {
        "timestamp": "29011244",
        "experiment_type": "road_length",
        "n_variables": 1,
        "variable_values": [
            32
        ],
        "statistical_info": {
            "confidence_level": 0.95,
            "ci_method": "t-distribution",
            "normality_test": "Shapiro-Wilk",
            "normality_alpha": 0.05
        }
    }
}