{
    "64": {
        "densities": [
            0.1,
            0.2,
            0.3,
            0.4,
            0.5,
            0.6,
            0.7,
            0.8,
            0.9
        ],
        "velocities": [
            1.2751201923076922,
            0.7503790697674418,
            0.5459572653989252,
            0.44310862656952416,
            0.38200551835317464,
            0.3438643292682927,
            0.315086588714678,
            0.2896238955200744,
            0.23028418877023774
        ],
        "ci_lower": [
            1.2637756946066414,
            0.7387976001745541,
            0.5379957453791092,
            0.4362997252400492,
            0.37550956351831194,
            0.34067902705399683,
            0.31067898939243077,
            0.2872181182380901,
            0.22605466596794288
        ],
        "ci_upper": [
            1.286464690008743,
            0.7619605393603296,
            0.5539187854187412,
            0.44991752789899914,
            0.38850147318803735,
            0.34704963148258855,
            0.3194941880369252,
            0.29202967280205866,
            0.2345137115725326
        ],
        "std_error": [
            0.004085979470587289,
            0.004171330299744109,
            0.0028675229360419093,
            0.0024523810381584625,
            0.0023396662237987675,
            0.0011472592086667459,
            0.001587497377130094,
            0.0008664955332559633,
            0.001523359058811123
        ]
    },
    "128": {
        "densities": [
            0.1,
            0.2,
            0.3,
            0.4,
            0.5,
            0.6,
            0.7,
            0.8,
            0.9
        ],
        "velocities": [
            1.2979829283297446,
            0.7450570978160566,
            0.5368343073925972,
            0.43736936711780994,
            0.3782427257627953,
            0.3382996488440047,
            0.3156136303717374,
            0.29153369987312083,
            0.25430134996582365
        ],
        "ci_lower": [
            1.2848990270540108,
            0.741432139771446,
            0.5330149291670835,
            0.432855813334182,
            0.37161335503179316,
            0.3313497333678943,
            0.31055363436413835,
            0.28656731759644055,
            0.25032286075843657
        ],
        "ci_upper": [
            1.3110668296054784,
            0.7486820558606672,
            0.5406536856181109,
            0.4418829209014379,
            0.3848720964937974,
            0.3452495643201151,
            0.32067362637933644,
            0.2965000821498011,
            0.25827983917321073
        ],
        "std_error": [
            0.004712465321658716,
            0.0013056112789063704,
            0.0013756361393075752,
            0.0016256592918686172,
            0.002387719000311316,
            0.002503170497806502,
            0.0018224729162216087,
            0.0017887557968939158,
            0.0014329435867249513
        ]
    },
    "256": {
        "densities": [
            0.1,
            0.2,
            0.3,
            0.4,
            0.5,
            0.6,
            0.7,
            0.8,
            0.9
        ],
        "velocities": [
            1.3881378293504902,
            0.8870266544117648,
            0.6738369332107844,
            0.531310795802696,
            0.44681828278186275,
            0.41548007940155224,
            0.38834123883928573,
            0.34852294921875,
            0.27753706256808275
        ],
        "ci_lower": [
            1.376974733638618,
            0.8771895366594928,
            0.668813724964903,
            0.5290595181977813,
            0.44175723188086524,
            0.4124251490672098,
            0.3854929694697467,
            0.34575689811189325,
            0.274758431256281
        ],
        "ci_upper": [
            1.3993009250623625,
            0.8968637721640367,
            0.6788601414566658,
            0.5335620734076107,
            0.45187933368286026,
            0.4185350097358947,
            0.39118950820882475,
            0.3512890003256067,
            0.2803156938798845
        ],
        "std_error": [
            0.0040206434087148805,
            0.0035430622178899986,
            0.0018092229651785635,
            0.0008108489523888165,
            0.0018228528601277531,
            0.0011003028039788306,
            0.0010258691461994996,
            0.000996256364542704,
            0.0010007874121479466
        ]
    },
    "metadata": {
        "timestamp": "29011211",
        "experiment_type": "road_length",
        "n_variables": 3,
        "variable_values": [
            64,
            128,
            256
        ],
        "statistical_info": {
            "confidence_level": 0.95,
            "ci_method": "t-distribution",
            "normality_test": "Shapiro-Wilk",
            "normality_alpha": 0.05
        }
    }
}