{
    "64": {
        "densities": [
            0.05,
            0.1,
            0.15,
            0.2,
            0.25,
            0.3,
            0.35,
            0.4,
            0.45,
            0.5,
            0.55,
            0.6,
            0.65,
            0.7,
            0.75,
            0.8,
            0.85,
            0.9,
            0.95
        ],
        "velocities": [
            1.7110732009925556,
            1.2817617866004962,
            0.938952046300124,
            0.7531317829457365,
            0.6127697172619048,
            0.5426583815626292,
            0.4835190024805103,
            0.43376414509378397,
            0.40348284415047536,
            0.38901832217261906,
            0.355880777903044,
            0.34175795783381563,
            0.32876323571496713,
            0.31887678270883163,
            0.30073268022486765,
            0.29207487211285077,
            0.26359789903705866,
            0.2310825008611781,
            0.14452548789243522
        ],
        "ci_lower": [
            1.7110732009925556,
            1.2817617866004962,
            0.938952046300124,
            0.7531317829457365,
            0.6127697172619048,
            0.5426583815626292,
            0.4835190024805103,
            0.43376414509378397,
            0.40348284415047536,
            0.38901832217261906,
            0.355880777903044,
            0.34175795783381563,
            0.32876323571496713,
            0.31887678270883163,
            0.30073268022486765,
            0.29207487211285077,
            0.26359789903705866,
            0.2310825008611781,
            0.14452548789243522
        ],
        "ci_upper": [
            1.7110732009925556,
            1.2817617866004962,
            0.938952046300124,
            0.7531317829457365,
            0.6127697172619048,
            0.5426583815626292,
            0.4835190024805103,
            0.43376414509378397,
            0.40348284415047536,
            0.38901832217261906,
            0.355880777903044,
            0.34175795783381563,
            0.32876323571496713,
            0.31887678270883163,
            0.30073268022486765,
            0.29207487211285077,
            0.26359789903705866,
            0.2310825008611781,
            0.14452548789243522
        ],
        "std_error": [
            0.0,
            0.0,
            0.0,
            0.0,
            0.0,
            0.0,
            0.0,
            0.0,
            0.0,
            0.0,
            0.0,
            0.0,
            0.0,
            0.0,
            0.0,
            0.0,
            0.0,
            0.0,
            0.0
        ]
    },
    "metadata": {
        "timestamp": "29011216",
        "experiment_type": "road_length",
        "n_variables": 1,
        "variable_values": [
            64
        ],
        "statistical_info": {
            "confidence_level": 0.95,
            "ci_method": "t-distribution",
            "normality_test": "Shapiro-Wilk",
            "normality_alpha": 0.05
        }
    }
}