{
    "32": {
        "densities": [
            0.05,
            0.1,
            0.15,
            0.2,
            0.25,
            0.3,
            0.35,
            0.4,
            0.45,
            0.5,
            0.55,
            0.6,
            0.65,
            0.7,
            0.75,
            0.8,
            0.85,
            0.9
        ],
        "velocities": [
            1.763782230941704,
            1.6568242296918765,
            1.1156086631814788,
            0.7399415429851582,
            0.4189418122759857,
            0.18917452389843167,
            0.11139282285165626,
            0.07079161999439934,
            0.05948506533914126,
            0.10009380600358422,
            0.061890911405295325,
            0.043873098105105944,
            0.04090233499913838,
            0.05295773661892951,
            0.03684522476105138,
            0.02937990058807057,
            0.027043799828688143,
            0.02592408214063472
        ],
        "ci_lower": [
            1.763782230941704,
            1.6568242296918765,
            1.1156086631814788,
            0.7399415429851582,
            0.4189418122759857,
            0.18917452389843167,
            0.11139282285165626,
            0.07079161999439934,
            0.05948506533914126,
            0.10009380600358422,
            0.061890911405295325,
            0.043873098105105944,
            0.04090233499913838,
            0.05295773661892951,
            0.03684522476105138,
            0.02937990058807057,
            0.027043799828688143,
            0.02592408214063472
        ],
        "ci_upper": [
            1.763782230941704,
            1.6568242296918765,
            1.1156086631814788,
            0.7399415429851582,
            0.4189418122759857,
            0.18917452389843167,
            0.11139282285165626,
            0.07079161999439934,
            0.05948506533914126,
            0.10009380600358422,
            0.061890911405295325,
            0.043873098105105944,
            0.04090233499913838,
            0.05295773661892951,
            0.03684522476105138,
            0.02937990058807057,
            0.027043799828688143,
            0.02592408214063472
        ],
        "std_error": [
            0.0,
            0.0,
            0.0,
            0.0,
            0.0,
            0.0,
            0.0,
            0.0,
            0.0,
            0.0,
            0.0,
            0.0,
            0.0,
            0.0,
            0.0,
            0.0,
            0.0,
            0.0
        ]
    },
    "64": {
        "densities": [
            0.05,
            0.1,
            0.15,
            0.2,
            0.25,
            0.3,
            0.35,
            0.4,
            0.45,
            0.5,
            0.55,
            0.6,
            0.65,
            0.7,
            0.75,
            0.8,
            0.85,
            0.9
        ],
        "velocities": [
            1.8780241935483868,
            1.6729489764267993,
            1.166636523356759,
            0.8108701550387597,
            0.5904823908730158,
            0.23034828441504757,
            0.12355488128986533,
            0.06601883428925748,
            0.1026775871572275,
            0.15971137152777778,
            0.1881630496054115,
            0.1855111874741629,
            0.17273740818467995,
            0.12327708388696963,
            0.12168330439814815,
            0.08194998837389553,
            0.05963944412022176,
            0.02168489493627282
        ],
        "ci_lower": [
            1.8780241935483868,
            1.6729489764267993,
            1.166636523356759,
            0.8108701550387597,
            0.5904823908730158,
            0.23034828441504757,
            0.12355488128986533,
            0.06601883428925748,
            0.1026775871572275,
            0.15971137152777778,
            0.1881630496054115,
            0.1855111874741629,
            0.17273740818467995,
            0.12327708388696963,
            0.12168330439814815,
            0.08194998837389553,
            0.05963944412022176,
            0.02168489493627282
        ],
        "ci_upper": [
            1.8780241935483868,
            1.6729489764267993,
            1.166636523356759,
            0.8108701550387597,
            0.5904823908730158,
            0.23034828441504757,
            0.12355488128986533,
            0.06601883428925748,
            0.1026775871572275,
            0.15971137152777778,
            0.1881630496054115,
            0.1855111874741629,
            0.17273740818467995,
            0.12327708388696963,
            0.12168330439814815,
            0.08194998837389553,
            0.05963944412022176,
            0.02168489493627282
        ],
        "std_error": [
            0.0,
            0.0,
            0.0,
            0.0,
            0.0,
            0.0,
            0.0,
            0.0,
            0.0,
            0.0,
            0.0,
            0.0,
            0.0,
            0.0,
            0.0,
            0.0,
            0.0,
            0.0
        ]
    },
    "128": {
        "densities": [
            0.05,
            0.1,
            0.15,
            0.2,
            0.25,
            0.3,
            0.35,
            0.4,
            0.45,
            0.5,
            0.55,
            0.6,
            0.65,
            0.7,
            0.75,
            0.8,
            0.85,
            0.9
        ],
        "velocities": [
            1.9256038461538458,
            1.67110696708705,
            1.0654763125512716,
            0.7937711473392801,
            0.6232929379921259,
            0.5252403106736389,
            0.4912865805431057,
            0.44056540295293756,
            0.4047957963089542,
            0.35439068651574807,
            0.31582895251943405,
            0.3002656097811042,
            0.28514249716070417,
            0.26740129844450305,
            0.24305410310039371,
            0.2138560209927333,
            0.16116473674687898,
            0.06911718215994532
        ],
        "ci_lower": [
            1.9256038461538458,
            1.67110696708705,
            1.0654763125512716,
            0.7937711473392801,
            0.6232929379921259,
            0.5252403106736389,
            0.4912865805431057,
            0.44056540295293756,
            0.4047957963089542,
            0.35439068651574807,
            0.31582895251943405,
            0.3002656097811042,
            0.28514249716070417,
            0.26740129844450305,
            0.24305410310039371,
            0.2138560209927333,
            0.16116473674687898,
            0.06911718215994532
        ],
        "ci_upper": [
            1.9256038461538458,
            1.67110696708705,
            1.0654763125512716,
            0.7937711473392801,
            0.6232929379921259,
            0.5252403106736389,
            0.4912865805431057,
            0.44056540295293756,
            0.4047957963089542,
            0.35439068651574807,
            0.31582895251943405,
            0.3002656097811042,
            0.28514249716070417,
            0.26740129844450305,
            0.24305410310039371,
            0.2138560209927333,
            0.16116473674687898,
            0.06911718215994532
        ],
        "std_error": [
            0.0,
            0.0,
            0.0,
            0.0,
            0.0,
            0.0,
            0.0,
            0.0,
            0.0,
            0.0,
            0.0,
            0.0,
            0.0,
            0.0,
            0.0,
            0.0,
            0.0,
            0.0
        ]
    },
    "metadata": {
        "timestamp": "29011247",
        "experiment_type": "road_length",
        "n_variables": 3,
        "variable_values": [
            32,
            64,
            128
        ],
        "statistical_info": {
            "confidence_level": 0.95,