road_length,density,velocity,std,std_error,ci_lower,ci_upper,n_samples,normality_p_value
64,0.1,1.2751201923076922,0.009136527850901782,0.004085979470587289,1.2637756946066414,1.286464690008743,5,0.8348246491039994
64,0.2,0.7503790697674418,0.009327378106832401,0.004171330299744109,0.7387976001745541,0.7619605393603296,5,0.11826932879627744
64,0.3,0.5459572653989252,0.006411976212029491,0.0028675229360419093,0.5379957453791092,0.5539187854187412,5,0.27040345878428274
64,0.4,0.44310862656952416,0.0054836907080538285,0.0024523810381584625,0.4362997252400492,0.44991752789899914,5,0.12963159409553512
128,0.1,1.2979829283297446,0.010537392800839302,0.004712465321658716,1.2848990270540108,1.3110668296054784,5,0.8125558035057939
128,0.2,0.7450570978160566,0.0029194355718250814,0.0013056112789063704,0.741432139771446,0.7486820558606672,5,0.240728672375581
128,0.3,0.5368343073925972,0.003076015919797109,0.0013756361393075752,0.5330149291670835,0.5406536856181109,5,0.5763561461008221
128,0.4,0.43736936711780994,0.0036350846848723995,0.0016256592918686172,0.432855813334182,0.4418829209014379,5,0.27487444802894745
