road_length,density,velocity,std,std_error,ci_lower,ci_upper,n_samples
32,0.05,1.7471832959641254,0,0,1.7471832959641254,1.7471832959641254,1
32,0.1,1.6477100840336132,0,0,1.6477100840336132,1.6477100840336132,1
