road_length,density,velocity,std,std_error,ci_lower,ci_upper,n_samples
32,0.05,1.7626261210762333,0,0,1.7626261210762333,1.7626261210762333,1
32,0.1,1.636736694677871,0,0,1.636736694677871,1.636736694677871,1
