{
    "2": {
        "densities": [
            0.1,
            0.2,
            0.3
        ],
        "velocities": [
            1.2817617866004962,
            0.7531317829457365,
            0.5426583815626292
        ],
        "ci_lower": [
            1.2817617866004962,
            0.7531317829457365,
            0.5426583815626292
        ],
        "ci_upper": [
            1.2817617866004962,
            0.7531317829457365,
            0.5426583815626292
        ],
        "std_error": [
            0.0,
            0.0,
            0.0
        ]
    },
    "5": {
        "densities": [
            0.1,
            0.2,
            0.3
        ],
        "velocities": [
            1.2817617866004962,
            0.7531317829457365,
            0.5426583815626292
        ],
        "ci_lower": [
            1.2817617866004962,
            0.7531317829457365,
            0.5426583815626292
        ],
        "ci_upper": [
            1.2817617866004962,
            0.7531317829457365,
            0.5426583815626292
        ],
        "std_error": [
            0.0,
            0.0,
            0.0
        ]
    },
    "metadata": {
        "timestamp": "20250129_115238",
        "experiment_type": "max_speed",
        "n_variables": 2,
        "variable_values": [
            2,
            5
        ],
        "statistical_info": {
            "confidence_level": 0.95,
            "ci_method": "t-distribution",
            "normality_test": "Shapiro-Wilk",
            "normality_alpha": 0.05
        }
    }
}