{
    "1": {
        "densities": [
            0.1,
            0.2,
            0.3,
            0.4,
            0.5,
            0.6,
            0.7,
            0.8,
            0.9
        ],
        "velocities": [
            0.925338864764268,
            0.631418992248062,
            0.43525785448532445,
            0.3271351340877383,
            0.2591122581845238,
            0.21738825444398513,
            0.18686996190982372,
            0.16144299333436676,
            0.1219354116431278
        ],
        "ci_lower": [
            0.9171823661329385,
            0.6237875439039696,
            0.42914006106618097,
            0.3231428326514855,
            0.25752537142105014,
            0.21307425962507148,
            0.18528581318730003,
            0.16001370543981364,
            0.1199124666925351
        ],
        "ci_upper": [
            0.9334953633955975,
            0.6390504405921543,
            0.4413756479044679,
            0.3311274355239911,
            0.2606991449479975,
            0.22170224926289878,
            0.1884541106323474,
            0.1628722812289199,
            0.1239583565937205
        ],
        "std_error": [
            0.0029377489279581686,
            0.002748640097297595,
            0.002203462768880373,
            0.001437918375832029,
            0.0005715534445478091,
            0.0015537835813275703,
            0.0005705672766798053,
            0.0005147906190824213,
            0.0007286097415740472
        ]
    },
    "3": {
        "densities": [
            0.1,
            0.2,
            0.3,
            0.4,
            0.5,
            0.6,
            0.7,
            0.8,
            0.9
        ],
        "velocities": [
            1.427292959057072,
            0.8741244186046512,
            0.6722367197188921,
            0.5681105642536041,
            0.5098738219246032,
            0.47312642104175273,
            0.44433762955089023,
            0.41900819640365833,
            0.33809610747502583
        ],
        "ci_lower": [
            1.4102751970818599,
            0.8678822768463411,
            0.6633782766799924,
            0.557400832977745,
            0.5021446612017179,
            0.4677782031834857,
            0.4393265798842062,
            0.416388869104933,
            0.3323094494553946
        ],
        "ci_upper": [
            1.444310721032284,
            0.8803665603629612,
            0.6810951627577918,
            0.5788202955294631,
            0.5176029826474885,
            0.4784746389000198,
            0.44934867921757427,
            0.42162752370238366,
            0.34388276549465707
        ],
        "std_error": [
            0.006129334933852298,
            0.0022482496580336223,
            0.0031905702087593048,
            0.0038573538716142122,
            0.0027838334380951954,
            0.0019262825864104517,
            0.0018048437756982237,
            0.0009434104401421974,
            0.002084196805763609
        ]
    },
    "5": {
        "densities": [
            0.1,
            0.2,
            0.3,
            0.4,
            0.5,
            0.6,
            0.7,
            0.8,
            0.9
        ],
        "velocities": [
            1.705325682382134,
            1.1355011627906977,
            0.9320003100454735,
            0.8315491784219502,
            0.7747558593750001,
            0.7341757957833815,
            0.7052509079635042,
            0.6782230468144473,
            0.5542543058904581
        ],
        "ci_lower": [
            1.6795700172583512,
            1.1175446607215265,
            0.9192636785429122,
            0.817092958711177,
            0.7642728192756654,
            0.7251014740028324,
            0.6949722383367725,
            0.6720520184391403,
            0.5444863389769907
        ],
        "ci_upper": [
            1.7310813475059166,
            1.153457664859869,
            0.9447369415480347,
            0.8460053981327234,
            0.7852388994743349,
            0.7432501175639307,
            0.7155295775902359,
            0.6843940751897544,
            0.5640222728039255
        ],
        "std_error": [
            0.00927648995312943,
            0.006467443579401161,
            0.004587388196048575,
            0.005206737091149258,
            0.0037757058764495135,
            0.003268323859009879,
            0.003702097191653108,
            0.002222636551954212,
            0.0035181559668443227
        ]
    },
    "metadata": {
        "timestamp": "20250129_120142",
        "experiment_type": "max_speed",
        "n_variables": 3,
        "variable_values": [
            1,
            3,
            5
        ],
        "statistical_info": {
            "confidence_level": 0.95,
            "ci_method": "t-distribution",
            "normality_test": "Shapiro-Wilk",
            "normality_alpha": 0.05
        }
    }
}