{
    "1": {
        "densities": [
            0.1,
            0.2,
            0.3
        ],
        "velocities": [
            0.925338864764268,
            0.631418992248062,
            0.43525785448532445
        ],
        "ci_lower": [
            0.9171823661329385,
            0.6237875439039696,
            0.42914006106618097
        ],
        "ci_upper": [
            0.9334953633955975,
            0.6390504405921543,
            0.4413756479044679
        ],
        "std_error": [
            0.0029377489279581686,
            0.002748640097297595,
            0.002203462768880373
        ]
    },
    "3": {
        "densities": [
            0.1,
            0.2,
            0.3
        ],
        "velocities": [
            1.427292959057072,
            0.8741244186046512,
            0.6722367197188921
        ],
        "ci_lower": [
            1.4102751970818599,
            0.8678822768463411,
            0.6633782766799924
        ],
        "ci_upper": [
            1.444310721032284,
            0.8803665603629612,
            0.6810951627577918
        ],
        "std_error": [
            0.006129334933852298,
            0.0022482496580336223,
            0.0031905702087593048
        ]
    },
    "5": {
        "densities": [
            0.1,
            0.2,
            0.3
        ],
        "velocities": [
            1.705325682382134,
            1.1355011627906977,
            0.9320003100454735
        ],
        "ci_lower": [
            1.6795700172583512,
            1.1175446607215265,
            0.9192636785429122
        ],
        "ci_upper": [
            1.7310813475059166,
            1.153457664859869,
            0.9447369415480347
        ],
        "std_error": [
            0.00927648995312943,
            0.006467443579401161,
            0.004587388196048575
        ]
    },
    "metadata": {
        "timestamp": "20250129_115954",
        "experiment_type": "max_speed",
        "n_variables": 3,
        "variable_values": [
            1,
            3,
            5
        ],
        "statistical_info": {
            "confidence_level": 0.95,
            "ci_method": "t-distribution",
            "normality_test": "Shapiro-Wilk",
            "normality_alpha": 0.05
        }
    }
}