{
    "1": {
        "densities": [
            0.1,
            0.2,
            0.3
        ],
        "velocities": [
            1.2751201923076922,
            0.7503790697674418,
            0.5459572653989252
        ],
        "ci_lower": [
            1.2637756946066414,
            0.7387976001745541,
            0.5379957453791092
        ],
        "ci_upper": [
            1.286464690008743,
            0.7619605393603296,
            0.5539187854187412
        ],
        "std_error": [
            0.004085979470587289,
            0.004171330299744109,
            0.0028675229360419093
        ]
    },
    "2": {
        "densities": [
            0.1,
            0.2,
            0.3
        ],
        "velocities": [
            1.2751201923076922,
            0.7503790697674418,
            0.5459572653989252
        ],
        "ci_lower": [
            1.2637756946066414,
            0.7387976001745541,
            0.5379957453791092
        ],
        "ci_upper": [
            1.286464690008743,
            0.7619605393603296,
            0.5539187854187412
        ],
        "std_error": [
            0.004085979470587289,
            0.004171330299744109,
            0.0028675229360419093
        ]
    },
    "3": {
        "densities": [
            0.1,
            0.2,
            0.3
        ],
        "velocities": [
            1.2751201923076922,
            0.7503790697674418,
            0.5459572653989252
        ],
        "ci_lower": [
            1.2637756946066414,
            0.7387976001745541,
            0.5379957453791092
        ],
        "ci_upper": [
            1.286464690008743,
            0.7619605393603296,
            0.5539187854187412
        ],
        "std_error": [
            0.004085979470587289,
            0.004171330299744109,
            0.0028675229360419093
        ]
    },
    "4": {
        "densities": [
            0.1,
            0.2,
            0.3
        ],
        "velocities": [
            1.2751201923076922,
            0.7503790697674418,
            0.5459572653989252
        ],
        "ci_lower": [
            1.2637756946066414,
            0.7387976001745541,
            0.5379957453791092
        ],
        "ci_upper": [
            1.286464690008743,
            0.7619605393603296,
            0.5539187854187412
        ],
        "std_error": [
            0.004085979470587289,
            0.004171330299744109,
            0.0028675229360419093
        ]
    },
    "5": {
        "densities": [
            0.1,
            0.2,
            0.3
        ],
        "velocities": [
            1.2751201923076922,
            0.7503790697674418,
            0.5459572653989252
        ],
        "ci_lower": [
            1.2637756946066414,
            0.7387976001745541,
            0.5379957453791092
        ],
        "ci_upper": [
            1.286464690008743,
            0.7619605393603296,
            0.5539187854187412
        ],
        "std_error": [
            0.004085979470587289,
            0.004171330299744109,
            0.0028675229360419093
        ]
    },
    "metadata": {
        "timestamp": "20250129_114424",
        "experiment_type": "max_speed",
        "n_variables": 5,
        "variable_values": [
            1,
            2,
            3,
            4,
            5
        ],
        "statistical_info": {
            "confidence_level": 0.95,
            "ci_method": "t-distribution",
            "normality_test": "Shapiro-Wilk",
            "normality_alpha": 0.05
        }
    }
}