{
    "32": {
        "densities": [
            0.05,
            0.06,
            0.07,
            0.08,
            0.09,
            0.1,
            0.11,
            0.12,
            0.13,
            0.14,
            0.15,
            0.16,
            0.17,
            0.18,
            0.19,
            0.2,
            0.21,
            0.22,
            0.23,
            0.24,
            0.25,
            0.26,
            0.27,
            0.28,
            0.29,
            0.3,
            0.31,
            0.32,
            0.33,
            0.34,
            0.35,
            0.36,
            0.37,
            0.38,
            0.39,
            0.4,
            0.41,
            0.42,
            0.43,
            0.44,
            0.45,
            0.46,
            0.47,
            0.48,
            0.49,
            0.5,
            0.51,
            0.52,
            0.53,
            0.54,
            0.55,
            0.56,
            0.57,
            0.58,
            0.59,
            0.6,
            0.61,
            0.62,
            0.63,
            0.64,
            0.65,
            0.66,
            0.67,
            0.68,
            0.69,
            0.7,
            0.71,
            0.72,
            0.73,
            0.74,
            0.75,
            0.76,
            0.77,
            0.78,
            0.79,
            0.8,
            0.81,
            0.82,
            0.83,
            0.84,
            0.85,
            0.86,
            0.87,
            0.88,
            0.89,
            0.9,
            0.91,
            0.92,
            0.93,
            0.94
        ],
        "velocities": [
            0.9772757847533632,
            0.9737535014005602,
            0.9653482786228984,
            0.9563305322128851,
            0.9465774735532048,
            0.9398543417366946,
            0.9274389002036659,
            0.9177450980392158,
            0.8980137871607069,
            0.8867466986794718,
            0.8696265870052278,
            0.854254201680672,
            0.8413476112026362,
            0.8222277535780959,
            0.802057783018868,
            0.7836152338280594,
            0.7641371032275275,
            0.7401069246435844,
            0.7254919629810034,
            0.6989404900816806,
            0.6832302867383513,
            0.675196036191297,
            0.6478801078614396,
            0.6359391878375675,
            0.6162726921591348,
            0.6031161314413742,
            0.5874579945799457,
            0.5658008051811657,
            0.5599134419551934,
            0.5415648163399769,
            0.5305424867978876,
            0.5270675171126322,
            0.5079291553133516,
            0.5003198231392778,
            0.4897113313227058,
            0.4770638476617194,
            0.4683893442622952,
            0.4550713428457127,
            0.4471450898671529,
            0.435176934826884,
            0.427758556316117,
            0.4219773529769878,
            0.41239275500476635,
            0.40405484247374557,
            0.3925168590696079,
            0.39203405017921156,
            0.3836668130902702,
            0.37789768443726446,
            0.367139384973053,
            0.3628635137938187,
            0.3513065173116089,
            0.3465986598659866,
            0.33851920998329577,
            0.33587195828505206,
            0.3307698149027052,
            0.3214785774292915,
            0.3163046272493573,
            0.31281842818428185,
            0.3076264556849498,
            0.29984510370175904,
            0.2957849388247458,
            0.2896486761710794,
            0.28325587227284127,
            0.27794679624444085,
            0.2727451298701299,
            0.26946955756460517,
            0.26044884436380844,
            0.2578329184816428,
            0.24938928955040665,
            0.24235071520472265,
            0.23930779569892477,
            0.23404126750184226,
            0.22779474870899705,
            0.22046528326272705,
            0.21592797391181054,
            0.21109703164379728,
            0.19983475074327597,
            0.19364046171709579,
            0.18722941970310392,
            0.18083405560370688,
            0.16911247282071554,
            0.16137405574368327,
            0.15532573709282863,
            0.14538407687901736,
            0.1309269397772324,
            0.12213316739265713,
            0.11384724273756769,
            0.10108358190783466,
            0.08877453932313621,
            0.07490526692087703
        ]
    },
    "64": {
        "densities": [
            0.05,
            0.06,
            0.07,
            0.08,
            0.09,
            0.1,
            0.11,
            0.12,
            0.13,
            0.14,
            0.15,
            0.16,
            0.17,
            0.18,
            0.19,
            0.2,
            0.21,
            0.22,
            0.23,
            0.24,
            0.25,
            0.26,
            0.27,
            0.28,
            0.29,
            0.3,
            0.31,
            0.32,
            0.33,
            0.34,
            0.35,
            0.36,
            0.37,
            0.38,
            0.39,
            0.4,
            0.41,
            0.42,
            0.43,
            0.44,
            0.45,
            0.46,
            0.47,
            0.48,
            0.49,
            0.5,
            0.51,
            0.52,
            0.53,
            0.54,
            0.55,
            0.56,
            0.57,
            0.58,
            0.59,
            0.6,
            0.61,
            0.62,
            0.63,
            0.64,
            0.65,
            0.66,
            0.67,
            0.68,
            0.69,
            0.7,
            0.71,
            0.72,
            0.73,
            0.74,
            0.75,
            0.76,
            0.77,
            0.78,
            0.79,
            0.8,
            0.81,
            0.82,
            0.83,
            0.84,
            0.85,
            0.86,
            0.87,
            0.88,
            0.89,
            0.9,
            0.91,
            0.92,
            0.93,
            0.94
        ],