{
    "32": {
        "densities": [
            0.05,
            0.1,
            0.15,
            0.2,
            0.25,
            0.3,
            0.35,
            0.4,
            0.45,
            0.5,
            0.55,
            0.6,
            0.65,
            0.7,
            0.75,
            0.8,
            0.85,
            0.9,
            0.95
        ],
        "velocities": [
            1.7572118966603656,
            1.6158856710775047,
            0.7961079437093046,
            0.4380537618147448,
            0.22647131048387095,
            0.07966861503102372,
            0.10869076739223506,
            0.11773604861639594,
            0.1382279257400006,
            0.13378647703168672,
            0.11237960382676696,
            0.09545731301022445,
            0.08353119572049014,
            0.0694059191155621,
            0.05469441861085841,
            0.04654809884542579,
            0.03682029270559598,
            0.02596121241626703,
            0.013422702059774805
        ],
        "ci_lower": [
            1.7557171015086954,
            1.5057427276745887,
            0.6010183269867554,
            0.3068202945620415,
            0.16502892767370145,
            0.06640495017218499,
            0.0810828105860858,
            0.09369353839365345,
            0.13316189576645776,
            0.1300471363498566,
            0.10777651434094135,
            0.09165111383813453,
            0.07953076761301044,
            0.06520129620688785,
            0.05088811765705324,
            0.04341237080389046,
            0.03518691335969324,
            0.024891160395994642,
            0.012704839646202205
        ],
        "ci_upper": [
            1.7587066918120358,
            1.7260286144804207,
            0.9911975604318538,
            0.5692872290674481,
            0.28791369329404043,
            0.09293227988986245,
            0.13629872419838432,
            0.14177855883913845,
            0.14329395571354342,
            0.13752581771351685,
            0.11698269331259256,
            0.09926351218231437,
            0.08753162382796985,
            0.07361054202423635,
            0.05850071956466357,
            0.049683826886961116,
            0.03845367205149872,
            0.027031264436539415,
            0.014140564473347404
        ],
        "std_error": [
            0.0007242580519514526,
            0.053366451942305895,
            0.09452480870409681,
            0.06358523121852713,
            0.029770059416923678,
            0.006426510055017548,
            0.013376605478309881,
            0.011649075526162274,
            0.002454592521032968,
            0.0018117851096715212,
            0.0022302886253259685,
            0.0018441793811259613,
            0.0019382871725653658,
            0.0020372236246715557,
            0.0018442286963961667,
            0.0015193227515318587,
            0.0007914048569394397,
            0.0005184615369024342,
            0.0003478186510321238
        ]
    },
    "64": {
        "densities": [
            0.05,
            0.1,
            0.15,
            0.2,
            0.25,
            0.3,
            0.35,
            0.4,
            0.45,
            0.5,
            0.55,
            0.6,
            0.65,
            0.7,
            0.75,
            0.8,
            0.85,
            0.9,
            0.95
        ],
        "velocities": [
            1.8735659553349877,
            1.8464163275434244,
            1.061176578864974,
            0.9127431603607645,
            0.20379900598370537,
            0.23824778844239083,
            0.2338862475891802,
            0.22403591382077542,
            0.20859096764185325,
            0.17891519106660586,
            0.16012393747666961,
            0.1428918037309716,
            0.13011875890620128,
            0.10054841037675324,
            0.09043883551959704,
            0.06652912537108023,
            0.052197063928078255,
            0.03095939150332955,
            0.01902117869538316
        ],
        "ci_lower": [
            1.8728252103135368,
            1.8441297023065109,
            0.8405607190793223,
            0.7865384116480634,
            0.1621481454005347,
            0.20712341943541857,
            0.21616963747984602,
            0.21699127554688774,
            0.19514352308583305,
            0.17313302176274534,
            0.15144623831809015,
            0.13452643995179378,
            0.1254946875757473,
            0.09487212029690648,
            0.0867822592853742,
            0.062033880719253164,
            0.049323876326068605,
            0.02857221725095298,
            0.0183846703105811
        ],
        "ci_upper": [
            1.8743067003564386,
            1.848702952780338,
            1.2817924386506259,
            1.0389479090734657,
            0.24544986656687603,
            0.2693721574493631,
            0.25160285769851437,
            0.2310805520946631,
            0.22203841219787346,
            0.18469736037046638,
            0.16880163663524908,
            0.15125716751014942,
            0.13474283023665526,
            0.10622470045660001,
            0.09409541175381989,
            0.0710243700229073,
            0.055070251530087905,
            0.033346565755706124,
            0.01965768708018522
        ],
        "std_error": [
            0.000358905730748002,
            0.0011079155145638266,
            0.10689278237183715,
            0.06114871683090366,
            0.020180672324475145,
            0.015080377294522215,
            0.008584050804977147,
            0.0034132676890529074,
            0.0065155549822239036,
            0.0028015763038758603,
            0.0042045182451866305,
            0.004053185526995641,
            0.0022404547473527355,
            0.0027502757089811927,
            0.0017716840847732905,
            0.0021780356532063194,
            0.0013921166744470482,
            0.0011566335171499648,
            0.0003084010021790883
        ]
    },
    "128": {
        "densities": [
            0.05,
            0.1,
            0.15,
            0.2,
            0.25,
            0.3,
            0.35,
            0.4,
            0.45,
            0.5,
            0.55,
            0.6,
            0.65,
            0.7,
            0.75,
            0.8,
            0.85,
            0.9,
            0.95
        ],
        "velocities": [
            1.9355974384236447,
            1.676764039408867,
            1.1223168992291799,
            0.9637076383292092,
            0.41621390294058386,
            0.38233911849386376,
            0.3487430149725919,
            0.3056642585427662,
            0.2800583363423239,
            0.24861590281991444,
            0.2136206930554431,
            0.20060942054907924,
            0.18887591213678256,
            0.1506782523135358,
            0.10943784532478172,
            0.08818209324179152,
            0.059377783964767825,
            0.048459552059350174,
            0.021823629272815167
        ],
        "ci_lower": [
            1.9352079505395992,
            1.5302050278221124,
            0.9374573816979298,
            0.8697727293041972,
            0.362821548245959,
            0.3585823536145015,
            0.3402636306197053,
            0.29390200440720143,
            0.26784271343086347,
            0.23927694595667834,
            0.2038914637966927,
            0.18614660032346786,
            0.17982038691082491,
            0.14462231053221172,
            0.09855448813012117,
            0.08078636257476597,
            0.053419356501398244,
            0.0460699583598819,
            0.02013373088629695
        ],