{
    "32": {
        "densities": [
            0.5,
            0.6
        ],
        "velocities": [
            0.0011403729838709675,
            0.0010620142827137157
        ],
        "ci_lower": [
            0.0011403729838709675,
            0.0010620142827137157
        ],
        "ci_upper": [
            0.0011403729838709675,
            0.0010620142827137157
        ],
        "std_error": [
            0.0,
            0.0
        ]
    },
    "128": {
        "densities": [
            0.5,
            0.6
        ],
        "velocities": [
            0.044684270423228346,
            0.024448274978212947
        ],
        "ci_lower": [
            0.044684270423228346,
            0.024448274978212947
        ],
        "ci_upper": [
            0.044684270423228346,
            0.024448274978212947
        ],
        "std_error": [
            0.0,
            0.0
        ]
    },
    "metadata": {
        "timestamp": "2901_1653",
        "experiment_type": "road_length",
        "n_variables": 2,
        "variable_values": [
            32,
            128
        ],
        "statistical_info": {
            "confidence_level": 0.95,
            "ci_method": "t-distribution",
            "normality_test": "Shapiro-Wilk",
            "normality_alpha": 0.05
        }
    }
}