{
    "16": {
        "densities": [
            0.1,
            0.2,
            0.3,
            0.4,
            0.5,
            0.6
        ],
        "velocities": [
            1.5259348958333332,
            0.15957161458333333,
            0.08863910590277775,
            0.045779134114583335,
            0.026708593750000006,
            0.0
        ],
        "ci_lower": [
            1.5259348958333332,
            0.15957161458333333,
            0.08863910590277775,
            0.045779134114583335,
            0.026708593750000006,
            0.0
        ],
        "ci_upper": [
            1.5259348958333332,
            0.15957161458333333,
            0.08863910590277775,
            0.045779134114583335,
            0.026708593750000006,
            0.0
        ],
        "std_error": [
            0.0,
            0.0,
            0.0,
            0.0,
            0.0,
            0.0
        ]
    },
    "metadata": {
        "timestamp": "3001_1803",
        "experiment_type": "road_length",
        "n_variables": 1,
        "variable_values": [
            16
        ],
        "statistical_info": {
            "confidence_level": 0.95,
            "ci_method": "t-distribution",
            "normality_test": "Shapiro-Wilk",
            "normality_alpha": 0.05
        }
    }
}