{
    "32": {
        "densities": [
            0.05,
            0.1,
            0.15,
            0.2,
            0.25,
            0.3,
            0.35,
            0.4,
            0.45,
            0.5,
            0.55,
            0.6,
            0.65,
            0.7,
            0.75,
            0.8,
            0.85,
            0.9,
            0.95
        ],
        "velocities": [
            1.8125,
            1.8125,
            1.8125,
            1.8124918084436044,
            1.8118778981854837,
            1.7958231092436978,
            1.7234921678069859,
            1.585267407057341,
            1.4299696863623634,
            1.2925928049395161,
            1.1779241521539872,
            1.083652488972905,
            1.0055324253586664,
            0.9191012601260126,
            0.793532216061828,
            0.6383349480151229,
            0.45515352112676055,
            0.27255436152338286,
            0.11512601140734845
        ],
        "ci_lower": [
            1.8125,
            1.8125,
            1.8125,
            1.8124800866177422,
            1.811544155027732,
            1.7931818318288542,
            1.7206779300440518,
            1.5830160847774906,
            1.4284199752577966,
            1.2909441361618055,
            1.1768357600024775,
            1.0824841924095947,
            1.0045135161525773,
            0.9177981267681923,
            0.7920644923896549,
            0.6370564948211073,
            0.45322661079879967,
            0.2715215056157692,
            0.11476089183542917
        ],
        "ci_upper": [
            1.8125,
            1.8125,
            1.8125,
            1.8125035302694665,
            1.8122116413432354,
            1.7984643866585415,
            1.72630640556992,
            1.5875187293371913,
            1.4315193974669302,
            1.2942414737172268,
            1.1790125443054968,
            1.084820785536215,
            1.0065513345647554,
            0.9204043934838329,
            0.7949999397340011,
            0.6396134012091386,
            0.45708043145472144,
            0.2735872174309965,
            0.11549113097926772
        ],
        "std_error": [
            0.0,
            0.0,
            2.5639502485114185e-17,
            5.679458322266008e-06,
            0.00016170521359757802,
            0.0012797515652902488,
            0.0013635543021621732,
            0.0010908105280496856,
            0.0007508659259612136,
            0.0007988128914679412,
            0.0005273476961247232,
            0.000566062976655475,
            0.0004936818238224099,
            0.0006313940917679656,
            0.0007111413804248919,
            0.0006194360603688033,
            0.0009336264697238486,
            0.0005004392787593916,
            0.0001769077117972613
        ]
    },
    "128": {
        "densities": [
            0.05,
            0.1,
            0.15,
            0.2,
            0.25,
            0.3,
            0.35,
            0.4,
            0.45,
            0.5,
            0.55,
            0.6,
            0.65,
            0.7,
            0.75,
            0.8,
            0.85,
            0.9,
            0.95
        ],
        "velocities": [
            1.953099076923077,
            1.952847816056598,
            1.9521830393765385,
            1.9507388111350357,
            1.946372816190945,
            1.9254941300112787,
            1.8276768608840848,
            1.6477375230698246,
            1.4704803485987696,
            1.3256766424704725,
            1.2051315642301885,
            1.1029207976623776,
            1.0035512374597766,
            0.8744435033834257,
            0.7118390235400264,
            0.5421205351993541,
            0.37945028044146917,
            0.23387692241968558,
            0.10798898368192708
        ],
        "ci_lower": [
            1.9529925584949814,
            1.9527586491191653,
            1.9521049256277312,
            1.9506153840288911,
            1.9460508881764291,
            1.9242612876434013,
            1.8262352945582936,
            1.646861677434865,
            1.4695212516182414,
            1.3247733496536334,
            1.2045094647625114,
            1.1022717455366406,
            1.0026822598257066,
            0.8732716916660522,
            0.7108218900030006,
            0.541270266388634,
            0.3787556519333621,
            0.23349276520713544,
            0.10782047273355136
        ],
        "ci_upper": [
            1.9532055953511724,
            1.9529369829940308,
            1.9522611531253458,
            1.9508622382411802,
            1.946694744205461,
            1.926726972379156,
            1.829118427209876,
            1.6486133687047841,
            1.4714394455792978,
            1.3265799352873116,
            1.2057536636978656,
            1.1035698497881146,
            1.0044202150938466,
            0.8756153151007992,
            0.7128561570770522,
            0.5429708040100742,
            0.38014490894957625,
            0.23426107963223572,
            0.1081574946303028
        ],
        "std_error": [
            5.161030201578975e-05,
            4.3203158861864506e-05,
            3.78476686110408e-05,
            5.980289363013938e-05,
            0.00015598054114728408,
            0.0005973367057850016,
            0.0006984676246171485,
            0.000424364671424852,
            0.00046470160809242487,
            0.0004376633782459086,
            0.0003014195945688253,
            0.00031447869474022204,
            0.00042103698807010844,
            0.0005677661388790172,
            0.0004928214767606936,
            0.00041197219016878125,
            0.00033656136063158924,
            0.00018613182822663823,
            8.164691400472436e-05
        ]
    },
    "256": {
        "densities": [
            0.05,
            0.1,
            0.15,
            0.2,
            0.25,
            0.3,
            0.35,
            0.4,
            0.45,
            0.5,
            0.55,
            0.6,
            0.65,
            0.7,
            0.75,
            0.8,
            0.85,
            0.9,
            0.95
        ],
        "velocities": [
            1.9762679227941178,
            1.975705001531863,
            1.974620710784314,
            1.9723758042279411,
            1.9660616881127453,
            1.941035768995098,
            1.8472488948704484,
            1.6843537166819855,
            1.5152131927423746,
            1.368219255514706,
            1.2427575687945633,
            1.1285807291666665,
            1.0065984987745098,
            0.8568407628676469,
            0.6864706239787581,
            0.5199151012944241,
            0.3656088793973472,
            0.22803363289760348,
            0.10662102521929824
        ],
        "ci_lower": [
            1.9762164556851112,
            1.9756633204723495,
            1.9745509308098814,
            1.9722902141133916,
            1.9658342695072373,
            1.9403321325787444,
            1.845785409105397,
            1.6834423702636874,
            1.5143754375820984,
            1.3673684476607246,
            1.2420055524820102,
            1.127720794900819,
            1.0058108362413156,
            0.8562072923145125,
            0.6857957612656861,
            0.519357704480855,
            0.36513028485889604,
            0.22782113334015736,
            0.10653140146401328
        ],