{
    "32": {
        "densities": [
            0.1,
            0.2,
            0.3,
            0.4,
            0.5,
            0.6,
            0.7,
            0.8
        ],
        "velocities": [
            1.781218474148802,
            1.4329749527410207,
            0.9166005777310926,
            0.7935491493383743,
            0.6498771421370967,
            0.5398242228523419,
            0.45617236723672366,
            0.31776051512287334
        ],
        "ci_lower": [
            1.3837490022154864,
            -3.3893480003356364,
            -10.3204325524839,
            -9.271434342613732,
            -7.576814034366857,
            -6.309918679029028,
            -5.324321625064551,
            -3.7197696471824826
        ],
        "ci_upper": [
            2.1786879460821176,
            6.255297905817678,
            12.153633707946085,
            10.858532641290482,
            8.87656831864105,
            7.389567124733713,
            6.236666359537997,
            4.355290677428229
        ],
        "std_error": [
            0.03128152585119803,
            0.3795250472589793,
            0.88437368697479,
            0.7921313799621928,
            0.647454637096774,
            0.5390864576769585,
            0.4549347434743474,
            0.31776051512287334
        ]
    },
    "128": {
        "densities": [
            0.1,
            0.2,
            0.3,
            0.4,
            0.5,
            0.6,
            0.7,
            0.8
        ],
        "velocities": [
            1.492154337127038,
            1.0533859773915717,
            0.9991938377934994,
            0.865186433020609,
            0.6656936285063977,
            0.5951395652842569,
            0.4396946952719923,
            0.2815221413741397
        ],
        "ci_lower": [
            -4.360648547839883,
            -10.344036434525485,
            -10.746074038204602,
            -9.031816918698345,
            -7.71835899623146,
            -5.824418461835492,
            -5.066056921822077,
            -3.0675766918560354
        ],
        "ci_upper": [
            7.344957222093958,
            12.450808389308627,
            12.7444617137916,
            10.762189784739563,
            9.049746253244257,
            7.014697592404007,
            5.9454463123660615,
            3.630620974604315
        ],
        "std_error": [
            0.4606255767456167,
            0.8969965972008612,
            0.9243726289346865,
            0.7789110562134728,
            0.6598392516609253,
            0.50523017378377,
            0.4333120496089287,
            0.2635797944942136
        ]
    },
    "256": {
        "densities": [
            0.1,
            0.2,
            0.3,
            0.4,
            0.5,
            0.6,
            0.7,
            0.8
        ],
        "velocities": [
            1.7850284352022059,
            1.2257252412683826,
            1.081311114940768,
            0.9174262551700368,
            0.7304501761642156,
            0.6123450584660948,
            0.48263243774072134,
            0.2975016874425551
        ],
        "ci_lower": [
            -0.636635651391082,
            -8.263296873575143,
            -9.862209003313847,
            -8.834159797377596,
            -7.337705168105779,
            -5.963960556153203,
            -4.271964357380714,
            -2.517556676330715
        ],
        "ci_upper": [
            4.206692521795494,
            10.714747356111907,
            12.024831233195382,
            10.66901230771767,
            8.79860552043421,
            7.188650673085392,
            5.237229232862157,
            3.1125600512158247
        ],
        "std_error": [
            0.1905890969669116,
            0.746802236519608,
            0.8612737119587416,
            0.7674664665670955,
            0.6349775965073529,
            0.5175664764603758,
            0.3741948830313376,
            0.22154989803538602
        ]
    },
    "metadata": {
        "timestamp": "2901_1649",
        "experiment_type": "road_length",
        "n_variables": 3,
        "variable_values": [
            32,
            128,
            256
        ],
        "statistical_info": {
            "confidence_level": 0.95,
            "ci_method": "t-distribution",
            "normality_test": "Shapiro-Wilk",
            "normality_alpha": 0.05
        }
    }
}