{
    "32": {
        "densities": [
            0.05,
            0.15
        ],
        "velocities": [
            0.081054909889677,
            0.0
        ],
        "ci_lower": [
            0.050408945161881435,
            0.0
        ],
        "ci_upper": [
            0.11170087461747255,
            0.0
        ],
        "std_error": [
            0.011037842840985069,
            0.0
        ]
    },
    "64": {
        "densities": [
            0.05,
            0.15
        ],
        "velocities": [
            0.11816004962779156,
            0.0
        ],
        "ci_lower": [
            0.09439622854233636,
            0.0
        ],
        "ci_upper": [
            0.14192387071324675,
            0.0
        ],
        "std_error": [
            0.0085590819141235,
            0.0
        ]
    },
    "128": {
        "densities": [
            0.05,
            0.15
        ],
        "velocities": [
            0.27483974174000864,
            0.0
        ],
        "ci_lower": [
            0.09306054540737943,
            0.0
        ],
        "ci_upper": [
            0.45661893807263787,
            0.0
        ],
        "std_error": [
            0.06547192162824302,
            0.0
        ]
    },
    "256": {
        "densities": [
            0.05,
            0.15
        ],
        "velocities": [
            0.3845336221291946,
            0.0
        ],
        "ci_lower": [
            0.13027522121665064,
            0.0
        ],
        "ci_upper": [
            0.6387920230417385,
            0.0
        ],
        "std_error": [
            0.09157695948554696,
            0.0
        ]
    },
    "metadata": {
        "timestamp": "0102_1437",
        "experiment_type": "road_length",
        "n_variables": 4,
        "variable_values": [
            32,
            64,
            128,
            256
        ],
        "statistical_info": {
            "confidence_level": 0.95,
            "ci_method": "t-distribution",
            "normality_test": "Shapiro-Wilk",
            "normality_alpha": 0.05
        }
    }
}