{
    "32": {
        "densities": [
            0.1,
            0.2,
            0.3,
            0.4,
            0.5,
            0.6,
            0.7,
            0.8
        ],
        "velocities": [
            1.8125,
            1.8125,
            1.8009742647058826,
            1.5856805293005671,
            1.2973317792338708,
            1.0789106805293005,
            0.9111071107110711,
            0.6355210302457467
        ],
        "ci_lower": [
            1.8125,
            1.8125,
            1.8009742647058826,
            1.5856805293005671,
            1.2973317792338708,
            1.0789106805293005,
            0.9111071107110711,
            0.6355210302457467
        ],
        "ci_upper": [
            1.8125,
            1.8125,
            1.8009742647058826,
            1.5856805293005671,
            1.2973317792338708,
            1.0789106805293005,
            0.9111071107110711,
            0.6355210302457467
        ],
        "std_error": [
            0.0,
            0.0,
            0.0,
            0.0,
            0.0,
            0.0,
            0.0,
            0.0
        ]
    },
    "64": {
        "densities": [
            0.1,
            0.2,
            0.3,
            0.4,
            0.5,
            0.6,
            0.7,
            0.8
        ],
        "velocities": [
            1.90625,
            1.906139534883721,
            1.8949346320793716,
            1.6259862811967136,
            1.3109336247519843,
            1.09595842806945,
            0.901123328018425,
            0.5790638079367539
        ],
        "ci_lower": [
            1.90625,
            1.906139534883721,
            1.8949346320793716,
            1.6259862811967136,
            1.3109336247519843,
            1.09595842806945,
            0.901123328018425,
            0.5790638079367539
        ],
        "ci_upper": [
            1.90625,
            1.906139534883721,
            1.8949346320793716,
            1.6259862811967136,
            1.3109336247519843,
            1.09595842806945,
            0.901123328018425,
            0.5790638079367539
        ],
        "std_error": [
            0.0,
            0.0,
            0.0,
            0.0,
            0.0,
            0.0,
            0.0,
            0.0
        ]
    },
    "128": {
        "densities": [
            0.1,
            0.2,
            0.3,
            0.4,
            0.5,
            0.6,
            0.7,
            0.8
        ],
        "velocities": [
            1.9527799138726547,
            1.950382574592433,
            1.923566466728186,
            1.6440974892340818,
            1.325532880167323,
            1.100369739068027,
            0.873006744880921,
            0.5451019358683533
        ],
        "ci_lower": [
            1.9527799138726547,
            1.950382574592433,
            1.923566466728186,
            1.6440974892340818,
            1.325532880167323,
            1.100369739068027,
            0.873006744880921,
            0.5451019358683533
        ],
        "ci_upper": [
            1.9527799138726547,
            1.950382574592433,
            1.923566466728186,
            1.6440974892340818,
            1.325532880167323,
            1.100369739068027,
            0.873006744880921,
            0.5451019358683533
        ],
        "std_error": [
            0.0,
            0.0,
            0.0,
            0.0,
            0.0,
            0.0,
            0.0,
            0.0
        ]
    },
    "256": {
        "densities": [
            0.1,
            0.2,
            0.3,
            0.4,
            0.5,
            0.6,
            0.7,
            0.8
        ],
        "velocities": [
            1.9756175321691174,
            1.9725274777879904,
            1.9425848268995096,
            1.6848927217371326,
            1.3654277726715685,
            1.1299115349264706,
            0.8568273207720589,
            0.5190515854779412
        ],
        "ci_lower": [
            1.9756175321691174,
            1.9725274777879904,
            1.9425848268995096,
            1.6848927217371326,
            1.3654277726715685,
            1.1299115349264706,
            0.8568273207720589,
            0.5190515854779412
        ],
        "ci_upper": [
            1.9756175321691174,
            1.9725274777879904,
            1.9425848268995096,
            1.6848927217371326,
            1.3654277726715685,
            1.1299115349264706,
            0.8568273207720589,
            0.5190515854779412
        ],
        "std_error": [
            0.0,
            0.0,
            0.0,
            0.0,
            0.0,
            0.0,
            0.0,
            0.0
        ]
    },
    "metadata": {
        "timestamp": "2901_1642",
        "experiment_type": "road_length",
        "n_variables": 4,
        "variable_values": [
            32,
            64,
            128,
            256
        ],
        "statistical_info": {
            "confidence_level": 0.95,
            "ci_method": "t-distribution",
            "normality_test": "Shapiro-Wilk",
            "normality_alpha": 0.05
        }
    }
}