{
    "16": {
        "densities": [
            0.1,
            0.2,
            0.3,
            0.4,
            0.5,
            0.6
        ],
        "velocities": [
            1.5300208333333332,
            0.84204296875,
            0.061946397569444436,
            0.03333300781250001,
            0.03638867187500001,
            0.0
        ],
        "ci_lower": [
            1.5300208333333332,
            0.84204296875,
            0.061946397569444436,
            0.03333300781250001,
            0.03638867187500001,
            0.0
        ],
        "ci_upper": [
            1.5300208333333332,
            0.84204296875,
            0.061946397569444436,
            0.03333300781250001,
            0.03638867187500001,
            0.0
        ],
        "std_error": [
            0.0,
            0.0,
            0.0,
            0.0,
            0.0,
            0.0
        ]
    },
    "64": {
        "densities": [
            0.1,
            0.2,
            0.3
        ],
        "velocities": [
            1.8264143920595535,
            0.554082480620155,
            0.0
        ],
        "ci_lower": [
            1.8264143920595535,
            0.554082480620155,
            0.0
        ],
        "ci_upper": [
            1.8264143920595535,
            0.554082480620155,
            0.0
        ],
        "std_error": [
            0.0,
            0.0,
            0.0
        ]
    },
    "128": {
        "densities": [
            0.1,
            0.2,
            0.3,
            0.4,
            0.5
        ],
        "velocities": [
            1.8824137931034484,
            1.115185230769231,
            0.5200016406890894,
            0.3273478929560135,
            0.0
        ],
        "ci_lower": [
            1.8824137931034484,
            1.115185230769231,
            0.5200016406890894,
            0.3273478929560135,
            0.0
        ],
        "ci_upper": [
            1.8824137931034484,
            1.115185230769231,
            0.5200016406890894,
            0.3273478929560135,
            0.0
        ],
        "std_error": [
            0.0,
            0.0,
            0.0,
            0.0,
            0.0
        ]
    },
    "256": {
        "densities": [
            0.1,
            0.2,
            0.3,
            0.4,
            0.5,
            0.6,
            0.7
        ],
        "velocities": [
            1.9169313725490196,
            0.8947205882352941,
            0.8181732026143791,
            0.5977549019607843,
            0.4920098039215686,
            0.3091830065359477,
            0.0
        ],
        "ci_lower": [
            1.9169313725490196,
            0.8947205882352941,
            0.8181732026143791,
            0.5977549019607843,
            0.4920098039215686,
            0.3091830065359477,
            0.0
        ],
        "ci_upper": [
            1.9169313725490196,
            0.8947205882352941,
            0.8181732026143791,
            0.5977549019607843,
            0.4920098039215686,
            0.3091830065359477,
            0.0
        ],
        "std_error": [
            0.0,
            0.0,
            0.0,
            0.0,
            0.0,
            0.0,
            0.0
        ]
    },
    "metadata": {
        "timestamp": "3001_1759",
        "experiment_type": "road_length",
        "n_variables": 4,
        "variable_values": [
            16,
            64,
            128,
            256
        ],
        "statistical_info": {
            "confidence_level": 0.95,
            "ci_method": "t-distribution",
            "normality_test": "Shapiro-Wilk",
            "normality_alpha": 0.05
        }
    }
}