{
    "32": {
        "densities": [
            0.1,
            0.2,
            0.3,
            0.4,
            0.5
        ],
        "velocities": [
            1.7222400756143668,
            0.5028628859483302,
            0.09413537750708809,
            0.006220335512325746,
            0.0
        ],
        "ci_lower": [
            1.7185202092335887,
            0.3719988157494739,
            0.08365720709157984,
            -0.00785104102223766,
            0.0
        ],
        "ci_upper": [
            1.7259599419951448,
            0.6337269561471864,
            0.10461354792259633,
            0.02029171204688915,
            0.0
        ],
        "std_error": [
            0.0016443890114535167,
            0.05784923892456208,
            0.004631937421309947,
            0.006220335512325745,
            0.0
        ]
    },
    "64": {
        "densities": [
            0.1,
            0.2,
            0.3,
            0.4
        ],
        "velocities": [
            1.5811625310173696,
            0.9302465736434108,
            0.14200413393964448,
            0.0
        ],
        "ci_lower": [
            1.3502589320528233,
            0.8832560682492623,
            0.034135442712827826,
            0.0
        ],
        "ci_upper": [
            1.8120661299819159,
            0.9772370790375593,
            0.24987282516646114,
            0.0
        ],
        "std_error": [
            0.10207230636142973,
            0.02077243180348352,
            0.04768399516977937,
            0.0
        ]
    },
    "128": {
        "densities": [
            0.1,
            0.2,
            0.3,
            0.4,
            0.5,
            0.6,
            0.7,
            0.8
        ],
        "velocities": [
            1.7988300492610836,
            0.9700859076923077,
            0.11187842493847418,
            0.3418135958166718,
            0.1876267716535433,
            0.194936587366694,
            0.06984376867639304,
            0.0
        ],
        "ci_lower": [
            1.6067278995770093,
            0.8671284960303466,
            -0.018553245486818734,
            0.3324789694824936,
            0.09467335583348618,
            0.1923345966391188,
            0.017169793311223217,
            0.0
        ],
        "ci_upper": [
            1.9909321989451578,
            1.073043319354269,
            0.24231009536376708,
            0.35114822215085,
            0.2805801874736004,
            0.1975385780942692,
            0.12251774404156286,
            0.0
        ],
        "std_error": [
            0.08491989541597737,
            0.04551293488913155,
            0.05765809403831651,
            0.004126426973093672,
            0.04109060915236343,
            0.0011502254442358646,
            0.023284843436214918,
            0.0
        ]
    },
    "256": {
        "densities": [
            0.1,
            0.2,
            0.3,
            0.4,
            0.5,
            0.6,
            0.7,
            0.8,
            0.9
        ],
        "velocities": [
            1.9129499999999997,
            1.1576009803921568,
            0.8327209150326798,
            0.33875710784313723,
            0.28761568627450984,
            0.41873643790849674,
            0.27138081232492994,
            0.06151740196078431,
            0.04005827886710239
        ],
        "ci_lower": [
            1.9071255425691902,
            1.1477336658335404,
            0.8207565609134917,
            0.1292964274837906,
            0.1779851937382885,
            0.38790292452827874,
            0.2610566630127204,
            0.004429444095586779,
            0.009423745656998089
        ],
        "ci_upper": [
            1.9187744574308092,
            1.167468294950773,
            0.8446852691518678,
            0.5482177882024839,
            0.3972461788107312,
            0.44956995128871474,
            0.2817049616371395,
            0.11860535982598185,
            0.0706928120772067
        ],
        "std_error": [
            0.002574735976107358,
            0.004361904964271848,
            0.005288913748191096,
            0.09259333692583767,
            0.04846280989509309,
            0.013630137590138177,
            0.0045638514784639705,
            0.025236070597840908,
            0.013542177224969459
        ]
    },
    "metadata": {
        "timestamp": "3001_1821",
        "experiment_type": "road_length",
        "n_variables": 4,
        "variable_values": [
            32,
            64,
            128,
            256
        ],
        "statistical_info": {
            "confidence_level": 0.95,
            "ci_method": "t-distribution",
            "normality_test": "Shapiro-Wilk",
            "normality_alpha": 0.05
        }
    }
}