{
    "32": {
        "densities": [
            0.05,
            0.1,
            0.15,
            0.2,
            0.25,
            0.3,
            0.35,
            0.4,
            0.45,
            0.5,
            0.55,
            0.6,
            0.65,
            0.7,
            0.75,
            0.8,
            0.85,
            0.9,
            0.95
        ],
        "velocities": [
            1.762878787878788,
            1.7465400378310214,
            1.3700787815126054,
            1.054383270321361,
            0.5036951864919355,
            0.02989758403361344,
            0.00465880446525027,
            0.0013980781348456206,
            0.001078129375525063,
            0.0012144027217741934,
            0.000991063244729606,
            0.0010790800252047888,
            0.0010323768902675454,
            0.0011329882988298829,
            0.0012296286962365593,
            0.00015162255828607435,
            0.0008135656041512231,
            0.000654578549425931,
            0.00029347393553521694
        ],
        "ci_lower": [
            1.762878787878788,
            1.7465400378310214,
            1.3700787815126054,
            1.054383270321361,
            0.5036951864919355,
            0.02989758403361344,
            0.00465880446525027,
            0.0013980781348456206,
            0.001078129375525063,
            0.0012144027217741934,
            0.000991063244729606,
            0.0010790800252047888,
            0.0010323768902675454,
            0.0011329882988298829,
            0.0012296286962365593,
            0.00015162255828607435,
            0.0008135656041512231,
            0.000654578549425931,
            0.00029347393553521694
        ],
        "ci_upper": [
            1.762878787878788,
            1.7465400378310214,
            1.3700787815126054,
            1.054383270321361,
            0.5036951864919355,
            0.02989758403361344,
            0.00465880446525027,
            0.0013980781348456206,
            0.001078129375525063,
            0.0012144027217741934,
            0.000991063244729606,
            0.0010790800252047888,
            0.0010323768902675454,
            0.0011329882988298829,
            0.0012296286962365593,
            0.00015162255828607435,
            0.0008135656041512231,
            0.000654578549425931,
            0.00029347393553521694
        ],
        "std_error": [
            0.0,
            0.0,
            0.0,
            0.0,
            0.0,
            0.0,
            0.0,
            0.0,
            0.0,
            0.0,
            0.0,
            0.0,
            0.0,
            0.0,
            0.0,
            0.0,
            0.0,
            0.0,
            0.0
        ]
    },
    "64": {
        "densities": [
            0.05,
            0.1,
            0.15,
            0.2,
            0.25,
            0.3,
            0.35,
            0.4,
            0.45,
            0.5,
            0.55,
            0.6,
            0.65,
            0.7,
            0.75,
            0.8,
            0.85,
            0.9,
            0.95
        ],
        "velocities": [
            1.878582506203474,
            1.8294548697270472,
            1.2515683133526252,
            0.15964728682170543,
            0.06896391369047619,
            0.14835675899131873,
            0.02753809355067328,
            0.002719539606262595,
            0.001884387487942676,
            0.031081814236111116,
            0.02706102029312289,
            0.020869289995866062,
            0.007937851759992367,
            0.001860217911241031,
            0.013778315145502646,
            0.004915904510928539,
            0.006920685001459002,
            0.0007487943506717189,
            0.003342226355981985
        ],
        "ci_lower": [
            1.878582506203474,
            1.8294548697270472,
            1.2515683133526252,
            0.15964728682170543,
            0.06896391369047619,
            0.14835675899131873,
            0.02753809355067328,
            0.002719539606262595,
            0.001884387487942676,
            0.031081814236111116,
            0.02706102029312289,
            0.020869289995866062,
            0.007937851759992367,
            0.001860217911241031,
            0.013778315145502646,
            0.004915904510928539,
            0.006920685001459002,
            0.0007487943506717189,
            0.003342226355981985
        ],
        "ci_upper": [
            1.878582506203474,
            1.8294548697270472,
            1.2515683133526252,
            0.15964728682170543,
            0.06896391369047619,
            0.14835675899131873,
            0.02753809355067328,
            0.002719539606262595,
            0.001884387487942676,
            0.031081814236111116,
            0.02706102029312289,
            0.020869289995866062,
            0.007937851759992367,
            0.001860217911241031,
            0.013778315145502646,
            0.004915904510928539,
            0.006920685001459002,
            0.0007487943506717189,
            0.003342226355981985
        ],
        "std_error": [
            0.0,
            0.0,
            0.0,
            0.0,
            0.0,
            0.0,
            0.0,
            0.0,
            0.0,
            0.0,
            0.0,
            0.0,
            0.0,
            0.0,
            0.0,
            0.0,
            0.0,
            0.0,
            0.0
        ]
    },
    "metadata": {
        "timestamp": "2901_1522",
        "experiment_type": "road_length",
        "n_variables": 2,
        "variable_values": [
            32,
            64
        ],
        "statistical_info": {
            "confidence_level": 0.95,
            "ci_method": "t-distribution",
            "normality_test": "Shapiro-Wilk",
            "normality_alpha": 0.05
        }
    }
}