{
    "32": {
        "densities": [
            0.1,
            0.2,
            0.3,
            0.4,
            0.5,
            0.6,
            0.7,
            0.8,
            0.9
        ],
        "velocities": [
            1.714501891551072,
            0.9261302772526779,
            0.03851890756302521,
            0.009335617517328292,
            0.0003291960685483871,
            0.00015884268010922073,
            0.0,
            0.0006714713295526149,
            0.000679956594791375
        ],
        "ci_lower": [
            1.714501891551072,
            0.9261302772526779,
            0.03851890756302521,
            0.009335617517328292,
            0.0003291960685483871,
            0.00015884268010922073,
            0.0,
            0.0006714713295526149,
            0.000679956594791375
        ],
        "ci_upper": [
            1.714501891551072,
            0.9261302772526779,
            0.03851890756302521,
            0.009335617517328292,
            0.0003291960685483871,
            0.00015884268010922073,
            0.0,
            0.0006714713295526149,
            0.000679956594791375
        ],
        "std_error": [
            0.0,
            0.0,
            0.0,
            0.0,
            0.0,
            0.0,
            0.0,
            0.0,
            0.0
        ]
    },
    "128": {
        "densities": [
            0.1,
            0.2,
            0.3,
            0.4,
            0.5,
            0.6,
            0.7,
            0.8,
            0.9
        ],
        "velocities": [
            1.2517879114118733,
            1.0294082589972315,
            0.3564883881882498,
            0.11693565441402645,
            0.02661363496555118,
            0.006610767929461218,
            0.024462826258897973,
            0.04063881733246184,
            0.012159304511278194
        ],
        "ci_lower": [
            1.2517879114118733,
            1.0294082589972315,
            0.3564883881882498,
            0.11693565441402645,
            0.02661363496555118,
            0.006610767929461218,
            0.024462826258897973,
            0.04063881733246184,
            0.012159304511278194
        ],
        "ci_upper": [
            1.2517879114118733,
            1.0294082589972315,
            0.3564883881882498,
            0.11693565441402645,
            0.02661363496555118,
            0.006610767929461218,
            0.024462826258897973,
            0.04063881733246184,
            0.012159304511278194
        ],
        "std_error": [
            0.0,
            0.0,
            0.0,
            0.0,
            0.0,
            0.0,
            0.0,
            0.0,
            0.0
        ]
    },
    "metadata": {
        "timestamp": "2901_1655",
        "experiment_type": "road_length",
        "n_variables": 2,
        "variable_values": [
            32,
            128
        ],
        "statistical_info": {
            "confidence_level": 0.95,
            "ci_method": "t-distribution",
            "normality_test": "Shapiro-Wilk",
            "normality_alpha": 0.05
        }
    }
}