{
    "32": {
        "densities": [
            0.1,
            0.2,
            0.3,
            0.4,
            0.5,
            0.6,
            0.7,
            0.8
        ],
        "velocities": [
            1.7797564627994955,
            1.4618108065532451,
            0.9101588760504203,
            0.7934989366729679,
            0.6492266255040322,
            0.5396686620457887,
            0.45555355535553554,
            0.3183054702268431
        ],
        "ci_lower": [
            1.363710375334905,
            -2.994117884235462,
            -10.408723834570214,
            -9.272122567686152,
            -7.585730148524093,
            -6.312050827292613,
            -5.332803187401451,
            -3.712300380955309
        ],
        "ci_upper": [
            2.1958025502640863,
            5.917739497341953,
            12.229041586671055,
            10.859120441032088,
            8.884183399532159,
            7.391388151384191,
            6.243910298112523,
            4.348911321408995
        ],
        "std_error": [
            0.032743537200504484,
            0.3506891934467548,
            0.8908153886554624,
            0.7921815926275991,
            0.6481051537298386,
            0.5392420184835118,
            0.45555355535553554,
            0.31721556001890355
        ]
    },
    "64": {
        "densities": [
            0.1,
            0.2,
            0.3,
            0.4,
            0.5,
            0.6,
            0.7,
            0.8
        ],
        "velocities": [
            1.5877442617866007,
            1.4921937984496123,
            1.01973697809012,
            0.8264910478995504,
            0.6583395337301589,
            0.5546141871641174,
            0.4579878642926743,
            0.28959875406913654
        ],
        "ci_lower": [
            -2.459254857681296,
            -3.76748547845533,
            -10.100703598342367,
            -9.332059072175747,
            -7.633654596578957,
            -6.323816570667457,
            -5.172582063780492,
            -3.388403484415155
        ],
        "ci_upper": [
            5.634743381254497,
            6.751873075354555,
            12.140177554522609,
            10.985041167974847,
            8.950333664039274,
            7.433044944995691,
            6.08855779236584,
            3.9676009925534284
        ],
        "std_error": [
            0.3185057382133994,
            0.4139457364341086,
            0.8751976539892516,
            0.7994952332971631,
            0.6525940910218254,
            0.5413442409053326,
            0.4431354637257507,
            0.2894650538676174
        ]
    },
    "128": {
        "densities": [
            0.1,
            0.2,
            0.3,
            0.4,
            0.5,
            0.6,
            0.7,
            0.8
        ],
        "velocities": [
            1.9159777760689018,
            1.2153298984927714,
            0.9821513252332614,
            0.833544486311904,
            0.6962686854084646,
            0.5617869546829344,
            0.439656659196766,
            0.2807713195432351
        ],
        "ci_lower": [
            1.448362278396032,
            -8.124399896091834,
            -10.979662204578439,
            -9.465507918547129,
            -7.299291006503669,
            -6.281556171231713,
            -5.066578252056499,
            -3.077867609590997
        ],
        "ci_upper": [
            2.3835932737417718,
            10.555059693077375,
            12.94396485504496,
            11.132596891170937,
            8.691828377320599,
            7.405130080597582,
            5.945891570450031,
            3.6394102486774673
        ],
        "std_error": [
            0.036802137803752744,
            0.7350526760996614,
            0.9414151414949244,
            0.8105530029221778,
            0.6292641947588583,
            0.5385827843850924,
            0.433350085684155,
            0.26433061632511823
        ]
    },
    "256": {
        "densities": [
            0.1,
            0.2,
            0.3,
            0.4,
            0.5,
            0.6,
            0.7,
            0.8
        ],
        "velocities": [
            1.7156628178615194,
            1.165625718060662,
            1.1092591528799018,
            0.9217762666590075,
            0.7255485983455882,
            0.6207134172028186,
            0.4732286469275211,
            0.29415929457720585
        ],
        "ci_lower": [
            -1.5873750043315322,
            -9.08703324322211,
            -9.479147473338505,
            -8.774537649303936,
            -7.404887197219441,
            -5.849262117999756,
            -4.400854639565016,
            -2.5633681972527813
        ],
        "ci_upper": [
            5.018700640054571,
            11.418284679343435,
            11.69766577909831,
            10.61809018262195,
            8.855984393910617,
            7.090688952405393,
            5.347311933420058,
            3.151686786407193
        ],
        "std_error": [
            0.2599547143075978,
            0.8069017597273285,
            0.8333256740196077,
            0.763116455078125,
            0.6398791743259803,
            0.509198117723652,
            0.38359867384453783,
            0.2248922909007353
        ]
    },
    "metadata": {
        "timestamp": "2901_1646",
        "experiment_type": "road_length",
        "n_variables": 4,
        "variable_values": [
            32,
            64,
            128,
            256
        ],
        "statistical_info": {
            "confidence_level": 0.95,
            "ci_method": "t-distribution",
            "normality_test": "Shapiro-Wilk",
            "normality_alpha": 0.05
        }
    }
}