{
    "32": {
        "densities": [
            0.1,
            0.2,
            0.3,
            0.4,
            0.5,
            0.6,
            0.7,
            0.8
        ],
        "velocities": [
            1.7495192307692307,
            1.0869328922495274,
            0.04165966386554622,
            0.0013980781348456206,
            0.001501071068548387,
            0.0015227893299726947,
            0.0013253825382538254,
            0.0
        ],
        "ci_lower": [
            1.7495192307692307,
            1.0869328922495274,
            0.04165966386554622,
            0.0013980781348456206,
            0.001501071068548387,
            0.0015227893299726947,
            0.0013253825382538254,
            0.0
        ],
        "ci_upper": [
            1.7495192307692307,
            1.0869328922495274,
            0.04165966386554622,
            0.0013980781348456206,
            0.001501071068548387,
            0.0015227893299726947,
            0.0013253825382538254,
            0.0
        ],
        "std_error": [
            0.0,
            0.0,
            0.0,
            0.0,
            0.0,
            0.0,
            0.0,
            0.0
        ]
    },
    "64": {
        "densities": [
            0.1,
            0.2,
            0.3,
            0.4,
            0.5,
            0.6,
            0.7,
            0.8
        ],
        "velocities": [
            1.847103753101737,
            0.7373139534883721,
            0.04003591360066143,
            0.007579251278871493,
            0.025930059523809522,
            0.0062829423315419585,
            0.013817100717512623,
            0.011675515423965277
        ],
        "ci_lower": [
            1.847103753101737,
            0.7373139534883721,
            0.04003591360066143,
            0.007579251278871493,
            0.025930059523809522,
            0.0062829423315419585,
            0.013817100717512623,
            0.011675515423965277
        ],
        "ci_upper": [
            1.847103753101737,
            0.7373139534883721,
            0.04003591360066143,
            0.007579251278871493,
            0.025930059523809522,
            0.0062829423315419585,
            0.013817100717512623,
            0.011675515423965277
        ],
        "std_error": [
            0.0,
            0.0,
            0.0,
            0.0,
            0.0,
            0.0,
            0.0,
            0.0
        ]
    },
    "128": {
        "densities": [
            0.1,
            0.2,
            0.3,
            0.4,
            0.5,
            0.6,
            0.7,
            0.8
        ],
        "velocities": [
            1.8769686250384499,
            0.31155894340203016,
            0.057002973444068496,
            0.03259477852968318,
            0.06848163754921259,
            0.04122750807402471,
            0.018483060901660957,
            0.011810815486946825
        ],
        "ci_lower": [
            1.8769686250384499,
            0.31155894340203016,
            0.057002973444068496,
            0.03259477852968318,
            0.06848163754921259,
            0.04122750807402471,
            0.018483060901660957,
            0.011810815486946825
        ],
        "ci_upper": [
            1.8769686250384499,
            0.31155894340203016,
            0.057002973444068496,
            0.03259477852968318,
            0.06848163754921259,
            0.04122750807402471,
            0.018483060901660957,
            0.011810815486946825
        ],
        "std_error": [
            0.0,
            0.0,
            0.0,
            0.0,
            0.0,
            0.0,
            0.0,
            0.0
        ]
    },
    "256": {
        "densities": [
            0.1,
            0.2,
            0.3,
            0.4,
            0.5,
            0.6,
            0.7,
            0.8
        ],
        "velocities": [
            1.4364181219362746,
            0.38673502604166665,
            0.22830850439133982,
            0.15124152688419118,
            0.09784715839460785,
            0.11717521318423203,
            0.09822837338060222,
            0.08017039579503678
        ],
        "ci_lower": [
            1.4364181219362746,
            0.38673502604166665,
            0.22830850439133982,
            0.15124152688419118,
            0.09784715839460785,
            0.11717521318423203,
            0.09822837338060222,
            0.08017039579503678
        ],
        "ci_upper": [
            1.4364181219362746,
            0.38673502604166665,
            0.22830850439133982,
            0.15124152688419118,
            0.09784715839460785,
            0.11717521318423203,
            0.09822837338060222,
            0.08017039579503678
        ],
        "std_error": [
            0.0,
            0.0,
            0.0,
            0.0,
            0.0,
            0.0,
            0.0,
            0.0
        ]
    },
    "metadata": {
        "timestamp": "2901_1643",
        "experiment_type": "road_length",
        "n_variables": 4,
        "variable_values": [
            32,
            64,
            128,
            256
        ],
        "statistical_info": {
            "confidence_level": 0.95,
            "ci_method": "t-distribution",
            "normality_test": "Shapiro-Wilk",
            "normality_alpha": 0.05
        }
    }
}