{
    "16": {
        "densities": [
            0.05,
            0.1,
            0.15,
            0.2,
            0.25,
            0.3,
            0.35,
            0.4,
            0.45,
            0.5,
            0.55,
            0.6,
            0.65,
            0.7,
            0.75,
            0.8,
            0.85,
            0.9
        ],
        "velocities": [
            1.55517578125,
            1.5324055989583332,
            1.2806640625,
            1.0252360026041667,
            0.6483854166666667,
            0.121337890625,
            0.0008463541666666666,
            0.0,
            0.0,
            0.0,
            0.0,
            1.0850694444444443e-05,
            2.0032051282051282e-05,
            0.0,
            0.0,
            0.0,
            1.5318627450980392e-05,
            0.0
        ],
        "ci_lower": [
            1.55517578125,
            1.5324055989583332,
            1.2806640625,
            1.0252360026041667,
            0.6483854166666667,
            0.121337890625,
            0.0008463541666666666,
            0.0,
            0.0,
            0.0,
            0.0,
            1.0850694444444443e-05,
            2.0032051282051282e-05,
            0.0,
            0.0,
            0.0,
            1.5318627450980392e-05,
            0.0
        ],
        "ci_upper": [
            1.55517578125,
            1.5324055989583332,
            1.2806640625,
            1.0252360026041667,
            0.6483854166666667,
            0.121337890625,
            0.0008463541666666666,
            0.0,
            0.0,
            0.0,
            0.0,
            1.0850694444444443e-05,
            2.0032051282051282e-05,
            0.0,
            0.0,
            0.0,
            1.5318627450980392e-05,
            0.0
        ],
        "std_error": [
            0.0,
            0.0,
            0.0,
            0.0,
            0.0,
            0.0,
            0.0,
            0.0,
            0.0,
            0.0,
            0.0,
            0.0,
            0.0,
            0.0,
            0.0,
            0.0,
            0.0,
            0.0
        ]
    },
    "metadata": {
        "timestamp": "2901_1625",
        "experiment_type": "road_length",
        "n_variables": 1,
        "variable_values": [
            16
        ],
        "statistical_info": {
            "confidence_level": 0.95,
            "ci_method": "t-distribution",
            "normality_test": "Shapiro-Wilk",
            "normality_alpha": 0.05
        }
    }
}