{
    "32": {
        "densities": [
            0.5,
            0.6
        ],
        "velocities": [
            1.2973317792338708,
            1.0789106805293005
        ],
        "ci_lower": [
            1.2973317792338708,
            1.0789106805293005
        ],
        "ci_upper": [
            1.2973317792338708,
            1.0789106805293005
        ],
        "std_error": [
            0.0,
            0.0
        ]
    },
    "128": {
        "densities": [
            0.5,
            0.6
        ],
        "velocities": [
            1.325532880167323,
            1.100369739068027
        ],
        "ci_lower": [
            1.325532880167323,
            1.100369739068027
        ],
        "ci_upper": [
            1.325532880167323,
            1.100369739068027
        ],
        "std_error": [
            0.0,
            0.0
        ]
    },
    "256": {
        "densities": [
            0.5,
            0.6
        ],
        "velocities": [
            1.3654277726715685,
            1.1299115349264706
        ],
        "ci_lower": [
            1.3654277726715685,
            1.1299115349264706
        ],
        "ci_upper": [
            1.3654277726715685,
            1.1299115349264706
        ],
        "std_error": [
            0.0,
            0.0
        ]
    },
    "metadata": {
        "timestamp": "2901_1650",
        "experiment_type": "road_length",
        "n_variables": 3,
        "variable_values": [
            32,
            128,
            256
        ],
        "statistical_info": {
            "confidence_level": 0.95,
            "ci_method": "t-distribution",
            "normality_test": "Shapiro-Wilk",
            "normality_alpha": 0.05
        }
    }
}