{
    "32": {
        "densities": [
            0.05,
            0.1,
            0.15,
            0.2,
            0.25,
            0.3,
            0.35,
            0.4,
            0.45,
            0.5,
            0.55,
            0.6,
            0.65,
            0.7,
            0.75,
            0.8,
            0.85,
            0.9,
            0.95
        ],
        "velocities": [
            1.767171717171717,
            1.4076923076923076,
            0.025409663865546217,
            1.06088531821046,
            0.4732673891129032,
            0.024737394957983196,
            0.004798343536190133,
            0.00129174543163201,
            0.0013301596191542986,
            0.0008852066532258065,
            0.0006802818515123739,
            0.0009294265910523,
            0.0009414986428848391,
            0.0007425742574257426,
            0.0010542674731182796,
            0.0011302772526780088,
            0.0014436619718309859,
            0.0004988098571828619,
            0.00029347393553521694
        ],
        "ci_lower": [
            1.767171717171717,
            1.4076923076923076,
            0.025409663865546217,
            1.06088531821046,
            0.4732673891129032,
            0.024737394957983196,
            0.004798343536190133,
            0.00129174543163201,
            0.0013301596191542986,
            0.0008852066532258065,
            0.0006802818515123739,
            0.0009294265910523,
            0.0009414986428848391,
            0.0007425742574257426,
            0.0010542674731182796,
            0.0011302772526780088,
            0.0014436619718309859,
            0.0004988098571828619,
            0.00029347393553521694
        ],
        "ci_upper": [
            1.767171717171717,
            1.4076923076923076,
            0.025409663865546217,
            1.06088531821046,
            0.4732673891129032,
            0.024737394957983196,
            0.004798343536190133,
            0.00129174543163201,
            0.0013301596191542986,
            0.0008852066532258065,
            0.0006802818515123739,
            0.0009294265910523,
            0.0009414986428848391,
            0.0007425742574257426,
            0.0010542674731182796,
            0.0011302772526780088,
            0.0014436619718309859,
            0.0004988098571828619,
            0.00029347393553521694
        ],
        "std_error": [
            0.0,
            0.0,
            0.0,
            0.0,
            0.0,
            0.0,
            0.0,
            0.0,
            0.0,
            0.0,
            0.0,
            0.0,
            0.0,
            0.0,
            0.0,
            0.0,
            0.0,
            0.0,
            0.0
        ]
    },
    "64": {
        "densities": [
            0.05,
            0.1,
            0.15,
            0.2,
            0.25,
            0.3,
            0.35,
            0.4,
            0.45,
            0.5,
            0.55,
            0.6,
            0.65,
            0.7,
            0.75,
            0.8,
            0.85,
            0.9,
            0.95
        ],
        "velocities": [
            1.878582506203474,
            1.8348480148883375,
            0.6712949565936338,
            0.9796085271317828,
            0.1048859126984127,
            0.03788368127325341,
            0.016677002126151665,
            0.046006433111145564,
            0.03657330852969546,
            0.029234871031746035,
            0.022788190529875983,
            0.004204991732120711,
            0.00023490413049699513,
            0.009452785897776598,
            0.0014338417658730155,
            0.0010633041388931948,
            0.008915870294718412,
            0.006517395797450911,
            0.0030395372364728146
        ],
        "ci_lower": [
            1.878582506203474,
            1.8348480148883375,
            0.6712949565936338,
            0.9796085271317828,
            0.1048859126984127,
            0.03788368127325341,
            0.016677002126151665,
            0.046006433111145564,
            0.03657330852969546,
            0.029234871031746035,
            0.022788190529875983,
            0.004204991732120711,
            0.00023490413049699513,
            0.009452785897776598,
            0.0014338417658730155,
            0.0010633041388931948,
            0.008915870294718412,
            0.006517395797450911,
            0.0030395372364728146
        ],
        "ci_upper": [
            1.878582506203474,
            1.8348480148883375,
            0.6712949565936338,
            0.9796085271317828,
            0.1048859126984127,
            0.03788368127325341,
            0.016677002126151665,
            0.046006433111145564,
            0.03657330852969546,
            0.029234871031746035,
            0.022788190529875983,
            0.004204991732120711,
            0.00023490413049699513,
            0.009452785897776598,
            0.0014338417658730155,
            0.0010633041388931948,
            0.008915870294718412,
            0.006517395797450911,
            0.0030395372364728146
        ],
        "std_error": [
            0.0,
            0.0,
            0.0,
            0.0,
            0.0,
            0.0,
            0.0,
            0.0,
            0.0,
            0.0,
            0.0,
            0.0,
            0.0,
            0.0,
            0.0,
            0.0,
            0.0,
            0.0,
            0.0
        ]
    },
    "metadata": {
        "timestamp": "2901_1523",
        "experiment_type": "road_length",
        "n_variables": 2,
        "variable_values": [
            32,
            64
        ],
        "statistical_info": {
            "confidence_level": 0.95,
            "ci_method": "t-distribution",
            "normality_test": "Shapiro-Wilk",
            "normality_alpha": 0.05
        }
    }
}