{
    "16": {
        "densities": [
            0.1,
            0.2,
            0.3,
            0.4,
            0.5
        ],
        "velocities": [
            1.5405345052083335,
            0.37564322916666665,
            0.08231727430555554,
            0.053369140625,
            0.0
        ],
        "ci_lower": [
            1.5405345052083335,
            0.37564322916666665,
            0.08231727430555554,
            0.053369140625,
            0.0
        ],
        "ci_upper": [
            1.5405345052083335,
            0.37564322916666665,
            0.08231727430555554,
            0.053369140625,
            0.0
        ],
        "std_error": [
            0.0,
            0.0,
            0.0,
            0.0,
            0.0
        ]
    },
    "metadata": {
        "timestamp": "3001_1805",
        "experiment_type": "road_length",
        "n_variables": 1,
        "variable_values": [
            16
        ],
        "statistical_info": {
            "confidence_level": 0.95,
            "ci_method": "t-distribution",
            "normality_test": "Shapiro-Wilk",
            "normality_alpha": 0.05
        }
    }
}