{
    "32": {
        "densities": [
            0.05,
            0.1,
            0.15,
            0.2,
            0.25,
            0.3,
            0.35,
            0.4,
            0.45,
            0.5
        ],
        "velocities": [
            1.761147624448645,
            1.5922559546313801,
            1.0772096282293635,
            0.44622366729678636,
            0.09318623991935483,
            0.07880951800903077,
            0.02558649144914491,
            0.011935109080885247,
            0.012135194623354802,
            0.0
        ],
        "ci_lower": [
            1.760335940634383,
            1.4644275786767296,
            0.853913350155097,
            0.2822480069027302,
            0.06477713101034469,
            0.07322342992565557,
            0.016436537987009416,
            0.004541651423231819,
            0.003925245358266485,
            0.0
        ],
        "ci_upper": [
            1.761959308262907,
            1.7200843305860307,
            1.30050590630363,
            0.6101993276908425,
            0.12159534882836498,
            0.08439560609240597,
            0.034736444911280404,
            0.019328566738538677,
            0.02034514388844312,
            0.0
        ],
        "std_error": [
            0.00039327699013551494,
            0.061935396599054934,
            0.10819149847080105,
            0.07944947655989001,
            0.013764779644306158,
            0.002706571043379592,
            0.004433334870352317,
            0.0035822776347212556,
            0.003977884096499509,
            0.0
        ]
    },
    "64": {
        "densities": [
            0.05,
            0.1,
            0.15,
            0.2,
            0.25,
            0.3,
            0.35,
            0.4
        ],
        "velocities": [
            1.8664168734491318,
            1.5154817866004964,
            0.7771190409260025,
            0.5542966573643411,
            0.12219055555555557,
            0.05399545266639108,
            0.029782693125442947,
            0.0
        ],
        "ci_lower": [
            1.8525281873653887,
            1.3112559589956425,
            0.47844843373376733,
            0.3502215388127152,
            0.06906918816059318,
            0.0277349868031777,
            0.009584241455312205,
            0.0
        ],
        "ci_upper": [
            1.8803055595328748,
            1.7197076142053502,
            1.0757896481182376,
            0.7583717759159669,
            0.17531192295051795,
            0.08025591852960445,
            0.04998114479557369,
            0.0
        ],
        "std_error": [
            0.006729345299212553,
            0.09895148502054221,
            0.14471186362794944,
            0.0988784634796439,
            0.025738361556422513,
            0.012723719252218916,
            0.009786552520390358,
            0.0
        ]
    },
    "128": {
        "densities": [
            0.05,
            0.1,
            0.15,
            0.2,
            0.25,
            0.3,
            0.35,
            0.4
        ],
        "velocities": [
            1.933183251231527,
            1.805006600985222,
            1.4742206398687452,
            0.3659798646153846,
            0.10951299212598425,
            0.019107924528301887,
            0.009737946554149087,
            0.0
        ],
        "ci_lower": [
            1.9324786332408712,
            1.668992697793191,
            1.4680299759742117,
            0.18032512862755268,
            0.02618244339542329,
            -0.008195809149004394,
            -0.010360187332169755,
            0.0
        ],
        "ci_upper": [
            1.9338878692221828,
            1.9410205041772528,
            1.4804113037632787,
            0.5516346006032166,
            0.1928435408565452,
            0.046411658205608164,
            0.029836080440467927,
            0.0
        ],
        "std_error": [
            0.0003414014640816489,
            0.06590144773624049,
            0.002999500077004886,
            0.08995342088972914,
            0.04037531217853513,
            0.013229203307244353,
            0.009737946554149087,
            0.0
        ]
    },
    "256": {
        "densities": [
            0.05,
            0.1,
            0.15,
            0.2,
            0.25,
            0.3,
            0.35,
            0.4,
            0.45,
            0.5,
            0.55,
            0.6
        ],
        "velocities": [
            1.9655341176470589,
            1.9357552941176472,
            0.9682635294117646,
            0.6720669607843138,
            0.39897498039215684,
            0.05344928104575164,
            0.13297372549019607,
            0.07272999999999999,
            0.06020296296296296,
            0.03418917647058824,
            0.022098573975044566,
            0.0
        ],
        "ci_lower": [
            1.9653103414176194,
            1.930933629354522,
            0.6813651075686091,
            0.4541121094308097,
            0.27121266031934343,
            -0.0075560175804058605,
            0.04128260174569792,
            0.0022033576789580317,
            0.00937091203867544,
            -0.004972827916826537,
            -0.009613451737589106,
            0.0
        ],
        "ci_upper": [
            1.9657578938764984,
            1.9405769588807724,
            1.2551619512549201,
            0.890021812137818,
            0.5267373004649702,
            0.11445457967190914,
            0.2246648492346942,
            0.14325664232104196,
            0.11103501388725048,
            0.07335118085800302,
            0.053810599687678234,
            0.0
        ],
        "std_error": [
            0.0001084240444757468,
            0.0023361927048012065,
            0.13900800513027514,
            0.10560347073529597,
            0.061903391207382495,
            0.029558283415845783,
            0.04442617745330051,
            0.03417156425818231,
            0.024629142085447628,
            0.018974771878576942,
            0.015365108684226688,
            0.0
        ]
    },
    "metadata": {
        "timestamp": "3001_1907",
        "experiment_type": "road_length",
        "n_variables": 4,
        "variable_values": [
            32,
            64,
            128,
            256
        ],
        "statistical_info": {
            "confidence_level": 0.95,
            "ci_method": "t-distribution",
            "normality_test": "Shapiro-Wilk",
            "normality_alpha": 0.05
        }
    }
}