{
    "32": {
        "densities": [
            0.05,
            0.15,
            0.25,
            0.35
        ],
        "velocities": [
            1.7613640831758033,
            0.8390647237975215,
            0.007601418907227974,
            0.00025930206311151844
        ],
        "ci_lower": [
            1.760921234144996,
            0.6623828950780675,
            0.00250371760314708,
            0.00014520366817921356
        ],
        "ci_upper": [
            1.7618069322066106,
            1.0157465525169755,
            0.012699120211308867,
            0.0003734004580438233
        ],
        "std_error": [
            0.00022036947043593903,
            0.08791998699777538,
            0.0025367058719150868,
            5.677736907989527e-05
        ]
    },
    "64": {
        "densities": [
            0.05,
            0.15,
            0.25,
            0.35,
            0.45,
            0.55
        ],
        "velocities": [
            1.8622081265508683,
            1.007275935709778,
            0.09157188701335009,
            0.006742956836672247,
            0.003336776355944785,
            0.0003332922560671133
        ],
        "ci_lower": [
            1.8399624685888338,
            0.8291792870385936,
            0.0676033736874086,
            0.0032779694520664354,
            0.0016905864043291051,
            -1.8730422925085637e-05
        ],
        "ci_upper": [
            1.8844537845129028,
            1.1853725843809624,
            0.11554040033929158,
            0.010207944221278058,
            0.004982966307560465,
            0.0006853149350593123
        ],
        "std_error": [
            0.011069830853316757,
            0.08862402630199745,
            0.011927153999061762,
            0.0017242386951163311,
            0.000819173087526362,
            0.00017517267952359814
        ]
    },
    "128": {
        "densities": [
            0.05,
            0.15,
            0.25,
            0.35,
            0.45,
            0.55,
            0.65,
            0.75,
            0.85,
            0.95
        ],
        "velocities": [
            1.9369286945812803,
            1.0403438726753869,
            0.24973091354234542,
            0.06928524700019309,
            0.04147684286446441,
            0.019977843759567744,
            0.013139474863878611,
            0.008060793149370794,
            0.0033501487472083007,
            0.0016626688451652602
        ],
        "ci_lower": [
            1.936495209139813,
            0.8985294644728792,
            0.22311108538065105,
            0.056725738188075,
            0.03161078140755814,
            0.015830824457175215,
            0.01036869902543459,
            0.006074609238169974,
            0.0023356896141673474,
            0.0012589260577387789
        ],
        "ci_upper": [
            1.9373621800227474,
            1.1821582808778945,
            0.2763507417040398,
            0.08184475581231118,
            0.05134290432137068,
            0.024124863061960274,
            0.01591025070232263,
            0.010046977060571612,
            0.004364607880249254,
            0.0020664116325917418
        ],
        "std_error": [
            0.00021570998361150723,
            0.07056934499506241,
            0.013246494915871817,
            0.006249832591518131,
            0.004909525791629652,
            0.0020636297789560338,
            0.0013787868138752488,
            0.0009883600646065707,
            0.0005048127157907011,
            0.00020090951558660952
        ]
    },
    "256": {
        "densities": [
            0.05,
            0.15,
            0.25,
            0.35,
            0.45,
            0.55,
            0.65,
            0.75,
            0.85,
            0.95
        ],
        "velocities": [
            1.9681394607843137,
            1.2624908463636806,
            0.2910874005623905,
            0.1511815788465656,
            0.14467986034226776,
            0.09557291762094353,
            0.045979187411964925,
            0.04816275080355882,
            0.01945303164603234,
            0.009155418477697602
        ],
        "ci_lower": [
            1.9679226394610052,
            1.1555423334052644,
            0.2448230546773773,
            0.12312668950792982,
            0.1254354290934414,
            0.08414321590343635,
            0.037283806437150034,
            0.0421388202920121,
            0.016520476841830715,
            0.008285665361822856
        ],
        "ci_upper": [
            1.9683562821076221,
            1.3694393593220968,
            0.33735174644740373,
            0.1792364681852014,
            0.16392429159109412,
            0.1070026193384507,
            0.054674568386779816,
            0.05418668131510554,
            0.022385586450233967,
            0.010025171593572349
        ],
        "std_error": [
            0.00010789410583009758,
            0.053219461994961935,
            0.023021952614774317,
            0.013960606609938794,
            0.009576367628971091,
            0.0056876207003003195,
            0.004326974583562545,
            0.002997613824179157,
            0.00145929087402117,
            0.0004328044552923655
        ]
    },
    "metadata": {
        "timestamp": "3001_2038",
        "experiment_type": "road_length",
        "n_variables": 4,
        "variable_values": [
            32,
            64,
            128,
            256
        ],
        "statistical_info": {
            "confidence_level": 0.95,
            "ci_method": "t-distribution",
            "normality_test": "Shapiro-Wilk",
            "normality_alpha": 0.05
        }
    }
}