{
    "32": {
        "densities": [
            0.1,
            0.2,
            0.3,
            0.4,
            0.5,
            0.6,
            0.7,
            0.8,
            0.9
        ],
        "velocities": [
            1.8125,
            1.8125,
            1.8009742647058826,
            1.5856805293005671,
            1.2973317792338708,
            1.0789106805293005,
            0.9111071107110711,
            0.6355210302457467,
            0.2704319518342201
        ],
        "ci_lower": [
            1.8125,
            1.8125,
            1.8009742647058826,
            1.5856805293005671,
            1.2973317792338708,
            1.0789106805293005,
            0.9111071107110711,
            0.6355210302457467,
            0.2704319518342201
        ],
        "ci_upper": [
            1.8125,
            1.8125,
            1.8009742647058826,
            1.5856805293005671,
            1.2973317792338708,
            1.0789106805293005,
            0.9111071107110711,
            0.6355210302457467,
            0.2704319518342201
        ],
        "std_error": [
            0.0,
            0.0,
            0.0,
            0.0,
            0.0,
            0.0,
            0.0,
            0.0,
            0.0
        ]
    },
    "128": {
        "densities": [
            0.1,
            0.2,
            0.3,
            0.4,
            0.5,
            0.6,
            0.7,
            0.8,
            0.9
        ],
        "velocities": [
            1.9527799138726547,
            1.950382574592433,
            1.923566466728186,
            1.6440974892340818,
            1.325532880167323,
            1.100369739068027,
            0.873006744880921,
            0.5451019358683533,
            0.23546351674641147
        ],
        "ci_lower": [
            1.9527799138726547,
            1.950382574592433,
            1.923566466728186,
            1.6440974892340818,
            1.325532880167323,
            1.100369739068027,
            0.873006744880921,
            0.5451019358683533,
            0.23546351674641147
        ],
        "ci_upper": [
            1.9527799138726547,
            1.950382574592433,
            1.923566466728186,
            1.6440974892340818,
            1.325532880167323,
            1.100369739068027,
            0.873006744880921,
            0.5451019358683533,
            0.23546351674641147
        ],
        "std_error": [
            0.0,
            0.0,
            0.0,
            0.0,
            0.0,
            0.0,
            0.0,
            0.0,
            0.0
        ]
    },
    "metadata": {
        "timestamp": "2901_1654",
        "experiment_type": "road_length",
        "n_variables": 2,
        "variable_values": [
            32,
            128
        ],
        "statistical_info": {
            "confidence_level": 0.95,
            "ci_method": "t-distribution",
            "normality_test": "Shapiro-Wilk",
            "normality_alpha": 0.05
        }
    }
}