{
    "64": {
        "densities": [
            0.1,
            0.2,
            0.3,
            0.4
        ],
        "velocities": [
            1.832275434243176,
            1.0840496124031007,
            0.2337668458040513,
            0.0
        ],
        "ci_lower": [
            1.832275434243176,
            1.0840496124031007,
            0.2337668458040513,
            0.0
        ],
        "ci_upper": [
            1.832275434243176,
            1.0840496124031007,
            0.2337668458040513,
            0.0
        ],
        "std_error": [
            0.0,
            0.0,
            0.0,
            0.0
        ]
    },
    "128": {
        "densities": [
            0.1,
            0.2,
            0.3,
            0.4
        ],
        "velocities": [
            1.886128078817734,
            1.1139692307692308,
            0.4299950779327318,
            0.0
        ],
        "ci_lower": [
            1.886128078817734,
            1.1139692307692308,
            0.4299950779327318,
            0.0
        ],
        "ci_upper": [
            1.886128078817734,
            1.1139692307692308,
            0.4299950779327318,
            0.0
        ],
        "std_error": [
            0.0,
            0.0,
            0.0,
            0.0
        ]
    },
    "256": {
        "densities": [
            0.1,
            0.2,
            0.3,
            0.4,
            0.5,
            0.6,
            0.7,
            0.8,
            0.9
        ],
        "velocities": [
            1.916421568627451,
            1.130622549019608,
            0.8568464052287583,
            0.5485588235294118,
            0.426078431372549,
            0.3859624183006536,
            0.2682563025210084,
            0.18575857843137253,
            0.09105446623093683
        ],
        "ci_lower": [
            1.916421568627451,
            1.130622549019608,
            0.8568464052287583,
            0.5485588235294118,
            0.426078431372549,
            0.3859624183006536,
            0.2682563025210084,
            0.18575857843137253,
            0.09105446623093683
        ],
        "ci_upper": [
            1.916421568627451,
            1.130622549019608,
            0.8568464052287583,
            0.5485588235294118,
            0.426078431372549,
            0.3859624183006536,
            0.2682563025210084,
            0.18575857843137253,
            0.09105446623093683
        ],
        "std_error": [
            0.0,
            0.0,
            0.0,
            0.0,
            0.0,
            0.0,
            0.0,
            0.0,
            0.0
        ]
    },
    "metadata": {
        "timestamp": "3001_1816",
        "experiment_type": "road_length",
        "n_variables": 3,
        "variable_values": [
            64,
            128,
            256
        ],
        "statistical_info": {
            "confidence_level": 0.95,
            "ci_method": "t-distribution",
            "normality_test": "Shapiro-Wilk",
            "normality_alpha": 0.05
        }
    }
}