{
    "16": {
        "densities": [
            0.05,
            0.06,
            0.07,
            0.08,
            0.09,
            0.1,
            0.11,
            0.12,
            0.13,
            0.14,
            0.15,
            0.16,
            0.17,
            0.18,
            0.19,
            0.2,
            0.21,
            0.22,
            0.23,
            0.24,
            0.25,
            0.26,
            0.27,
            0.28,
            0.29,
            0.3,
            0.31,
            0.32,
            0.33,
            0.34,
            0.35,
            0.36,
            0.37
        ],
        "velocities": [
            1.55234375,
            1.5597721106890938,
            1.5779813953488369,
            1.5595849440488303,
            1.5472092602640621,
            1.5588671875,
            1.5485528262799648,
            1.1279001627780791,
            1.467028921998247,
            1.426192303220556,
            1.3486501736111112,
            0.005241098677517802,
            0.008904634239754882,
            1.158665340446695,
            0.007792341300436906,
            0.12759114583333334,
            0.007521314524879863,
            0.38898490677715303,
            0.004492251079187601,
            0.004950830790098338,
            0.0077473958333333336,
            0.007512207336922499,
            0.00867856281649385,
            0.003399407080160437,
            0.0032822585171465458,
            0.009168836805555556,
            0.005540270923028457,
            0.0019328585961342828,
            0.0049085080147965475,
            0.00557614055244387,
            0.003138020833333334,
            0.0017632697350574195,
            0.0007478444483547422
        ],
        "ci_lower": [
            1.55234375,
            1.5597721106890938,
            1.5779813953488369,
            1.5595849440488303,
            1.5472092602640621,
            1.5588671875,
            1.5485528262799648,
            1.1279001627780791,
            1.467028921998247,
            1.426192303220556,
            1.3486501736111112,
            0.005241098677517802,
            0.008904634239754882,
            1.158665340446695,
            0.007792341300436906,
            0.12759114583333334,
            0.007521314524879863,
            0.38898490677715303,
            0.004492251079187601,
            0.004950830790098338,
            0.0077473958333333336,
            0.007512207336922499,
            0.00867856281649385,
            0.003399407080160437,
            0.0032822585171465458,
            0.009168836805555556,
            0.005540270923028457,
            0.0019328585961342828,
            0.0049085080147965475,
            0.00557614055244387,
            0.003138020833333334,
            0.0017632697350574195,
            0.0007478444483547422
        ],
        "ci_upper": [
            1.55234375,
            1.5597721106890938,
            1.5779813953488369,
            1.5595849440488303,
            1.5472092602640621,
            1.5588671875,
            1.5485528262799648,
            1.1279001627780791,
            1.467028921998247,
            1.426192303220556,
            1.3486501736111112,
            0.005241098677517802,
            0.008904634239754882,
            1.158665340446695,
            0.007792341300436906,
            0.12759114583333334,
            0.007521314524879863,
            0.38898490677715303,
            0.004492251079187601,
            0.004950830790098338,
            0.0077473958333333336,
            0.007512207336922499,
            0.00867856281649385,
            0.003399407080160437,
            0.0032822585171465458,
            0.009168836805555556,
            0.005540270923028457,
            0.0019328585961342828,
            0.0049085080147965475,
            0.00557614055244387,
            0.003138020833333334,
            0.0017632697350574195,
            0.0007478444483547422
        ],
        "std_error": [
            0.0,
            0.0,
            0.0,
            0.0,
            0.0,
            0.0,
            0.0,
            0.0,
            0.0,
            0.0,
            0.0,
            0.0,
            0.0,
            0.0,
            0.0,
            0.0,
            0.0,
            0.0,
            0.0,
            0.0,
            0.0,
            0.0,
            0.0,
            0.0,
            0.0,
            0.0,
            0.0,
            0.0,
            0.0,
            0.0,
            0.0,
            0.0,
            0.0
        ]
    },
    "64": {
        "densities": [
            0.05,
            0.06,
            0.07,
            0.08,
            0.09,
            0.1,
            0.11,
            0.12,
            0.13,
            0.14,
            0.15,
            0.16,
            0.17,
            0.18,
            0.19,
            0.2,
            0.21,
            0.22,
            0.23,
            0.24,
            0.25,
            0.26,
            0.27,
            0.28,
            0.29
        ],
        "velocities": [
            1.8813399503722084,
            1.8823991726990696,
            1.882163120567376,
            1.8801240310077518,
            1.8788973121984835,
            1.8689081885856078,
            0.4355129650507327,
            1.4884547803617574,
            1.5886450381679387,
            1.5026672574213558,
            1.4086812732534104,
            0.22568992248062017,
            1.2656694636993797,
            1.2568515328970031,
            1.3827676240208877,
            0.6148093023255814,
            1.042787950383934,
            0.16476888387824126,
            0.598846050148288,
            0.11970025839793283,
            0.001736111111111111,
            0.09076079179585023,
            0.0011483693155718878,
            0.004128460686600222,
            0.0
        ],
        "ci_lower": [
            1.8813399503722084,
            1.8823991726990696,
            1.882163120567376,
            1.8801240310077518,
            1.8788973121984835,
            1.8689081885856078,
            0.4355129650507327,
            1.4884547803617574,
            1.5886450381679387,
            1.5026672574213558,
            1.4086812732534104,
            0.22568992248062017,
            1.2656694636993797,
            1.2568515328970031,
            1.3827676240208877,
            0.6148093023255814,
            1.042787950383934,
            0.16476888387824126,
            0.598846050148288,
            0.11970025839793283,
            0.001736111111111111,
            0.09076079179585023,
            0.0011483693155718878,
            0.004128460686600222,
            0.0
        ],
        "ci_upper": [
            1.8813399503722084,
            1.8823991726990696,
            1.882163120567376,
            1.8801240310077518,
            1.8788973121984835,
            1.8689081885856078,
            0.4355129650507327,
            1.4884547803617574,
            1.5886450381679387,
            1.5026672574213558,
            1.4086812732534104,
            0.22568992248062017,
            1.2656694636993797,
            1.2568515328970031,
            1.3827676240208877,
            0.6148093023255814,
            1.042787950383934,
            0.16476888387824126,
            0.598846050148288,
            0.11970025839793283,
            0.001736111111111111,
            0.09076079179585023,
            0.0011483693155718878,
            0.004128460686600222,
            0.0
        ],