{
    "32": {
        "densities": [
            0.05,
            0.1,
            0.15,
            0.2,
            0.25,
            0.3,
            0.35
        ],
        "velocities": [
            1.7607240705734089,
            1.327651833297243,
            0.9698904011762235,
            0.06987996219281664,
            0.11853603830645161,
            0.0015634148902656725,
            0.00035963966882966584
        ],
        "ci_lower": [
            1.7603125860209,
            1.0407320369673714,
            0.7568940025602209,
            0.03285095991617624,
            0.0531270589809382,
            0.0011436483397167388,
            0.0001205090539925961
        ],
        "ci_upper": [
            1.7611355551259178,
            1.6145716296271144,
            1.182886799792226,
            0.10690896446945705,
            0.18394501763196502,
            0.0019831814408146063,
            0.0005987702836667356
        ],
        "std_error": [
            0.0001993724692479257,
            0.13901836149522134,
            0.10320100152983742,
            0.01794128983133338,
            0.03169195450861609,
            0.00020338526241222738,
            0.00011586355031346184
        ]
    },
    "64": {
        "densities": [
            0.05,
            0.1,
            0.15,
            0.2,
            0.25,
            0.3,
            0.35,
            0.4,
            0.45,
            0.5
        ],
        "velocities": [
            1.8814367245657566,
            1.0204289860361018,
            1.466070525010335,
            0.5626516021925219,
            0.09182751060093437,
            0.021083609191052833,
            0.002853969920079626,
            0.002684827859465779,
            0.0014344061800793959,
            0.0003293462365066154
        ],
        "ci_lower": [
            1.881267360350733,
            0.725494922736611,
            1.4614301883069003,
            0.3847395844547778,
            0.045266639354950906,
            0.011717361737937866,
            -0.00025540779028276764,
            0.001120859949684673,
            0.0004897097132942474,
            9.408818309605111e-05
        ],
        "ci_upper": [
            1.8816060887807802,
            1.3153630493355926,
            1.4707108617137696,
            0.7405636199302659,
            0.13838838184691785,
            0.0304498566441678,
            0.005963347630442019,
            0.004248795769246885,
            0.0023791026468645443,
            0.0005646042899171797
        ],
        "std_error": [
            8.206033870679422e-05,
            0.14290143361834812,
            0.0022483356448362818,
            0.08620191953494338,
            0.02255967037898212,
            0.004538133621124669,
            0.00150655549074548,
            0.000757773632318167,
            0.00045772427208823856,
            0.0001139872170970412
        ]
    },
    "128": {
        "densities": [
            0.05,
            0.1,
            0.15,
            0.2,
            0.25,
            0.3,
            0.35,
            0.4,
            0.45,
            0.5,
            0.55,
            0.6,
            0.65,
            0.7,
            0.75,
            0.8,
            0.85,
            0.9,
            0.95
        ],
        "velocities": [
            1.9375379310344827,
            1.911847290640394,
            1.4630515996718623,
            0.6997910380232005,
            0.1870893231793432,
            0.09945799715832732,
            0.06077029348495591,
            0.05408329773252286,
            0.026660350270840256,
            0.016512257898424164,
            0.020649431443858637,
            0.031368507693184104,
            0.012584366951182148,
            0.004816512917525508,
            0.007054895387274203,
            0.006536740140232005,
            0.004923048909251135,
            0.0023500090894063457,
            0.0018735401311721987
        ],
        "ci_lower": [
            1.9365275456589337,
            1.9054446574508836,
            1.4566288006014962,
            0.4925381895474983,
            0.14286385796634404,
            0.06362876501629615,
            0.04135202529339885,
            0.04731692620724309,
            0.021771141819028877,
            0.011190092836254134,
            0.017761504332184194,
            0.022991601905918597,
            0.010002497569901911,
            0.0029733623667005304,
            0.00524748370208623,
            0.005510775154641722,
            0.0037688225093918397,
            0.001484346917662123,
            0.0014764174324853187
        ],
        "ci_upper": [
            1.9385483164100317,
            1.9182499238299044,
            1.4694743987422283,
            0.9070438864989028,
            0.23131478839234237,
            0.13528722930035847,
            0.08018856167651298,
            0.06084966925780262,
            0.03154955872265164,
            0.021834422960594194,
            0.02353735855553308,
            0.03974541348044961,
            0.015166236332462385,
            0.006659663468350486,
            0.008862307072462177,
            0.007562705125822288,
            0.00607727530911043,
            0.0032156712611505684,
            0.0022706628298590787
        ],
        "std_error": [
            0.0004895518579904793,
            0.0031022034263447486,
            0.0031119741976560937,
            0.100418136980637,
            0.02142811959620426,
            0.01735997728191097,
            0.009408538070901976,
            0.0032784419016903565,
            0.0023689189685537305,
            0.0025786950779072494,
            0.0013992582607337157,
            0.0040587778600212465,
            0.0012509671886411105,
            0.0008930431878256094,
            0.0008757269949169748,
            0.0004971004896582675,
            0.0005592457019538941,
            0.0004194305804745466,
            0.00019241386474615598
        ]
    },
    "256": {
        "densities": [
            0.05,
            0.1,
            0.15,
            0.2,
            0.25,
            0.3,
            0.35,
            0.4,
            0.45,
            0.5,
            0.55,
            0.6,
            0.65,
            0.7,
            0.75,
            0.8,
            0.85,
            0.9,
            0.95
        ],
        "velocities": [
            1.9687710784313726,
            1.6978725784583841,
            1.0011577681635446,
            0.58216708537597,
            0.36426803077849557,
            0.16118091542209786,
            0.2595172784700352,
            0.126831637959782,
            0.15358139562024525,
            0.1047160600909205,
            0.09411487279094961,
            0.08888875224923222,
            0.05666017495279102,
            0.059189578737226994,
            0.030851801889596152,
            0.03846059135273057,
            0.02342370521395677,
            0.01693042159930463,
            0.00997995701377286
        ],
        "ci_lower": [
            1.968167688260615,
            1.501991452285705,
            0.7792175143122146,
            0.46430142680479647,
            0.3407609649901346,
            0.12178192733222562,
            0.22066894159397468,
            0.09984596730611717,
            0.13042284023851278,
            0.08517072110624616,
            0.0844379264433641,
            0.07497098306305953,
            0.04328512041954802,
            0.04992076531760614,
            0.02083573739473618,
            0.03313224962119611,
            0.018347623533158355,
            0.013694870362393875,
            0.009186627745937806
        ],