{
    "16": {
        "densities": [
            0.1,
            0.2,
            0.3,
            0.4,
            0.5,
            0.6,
            0.7,
            0.8,
            0.9
        ],
        "velocities": [
            1.5507083333333334,
            1.0412833333333333,
            0.009777777777777778,
            0.0,
            0.0,
            0.0,
            0.0,
            0.0,
            0.0
        ],
        "ci_lower": [
            1.5464991086961979,
            1.0181694452186538,
            -0.0013504633304812566,
            0.0,
            0.0,
            0.0,
            0.0,
            0.0,
            0.0
        ],
        "ci_upper": [
            1.5549175579704688,
            1.0643972214480129,
            0.020906018886036812,
            0.0,
            0.0,
            0.0,
            0.0,
            0.0,
            0.0
        ],
        "std_error": [
            0.0020394532538532927,
            0.011199139601341251,
            0.0053918546750093095,
            0.0,
            0.0,
            0.0,
            0.0,
            0.0,
            0.0
        ]
    },
    "metadata": {
        "timestamp": "3001_1442",
        "experiment_type": "road_length",
        "n_variables": 1,
        "variable_values": [
            16
        ],
        "statistical_info": {
            "confidence_level": 0.95,
            "ci_method": "t-distribution",
            "normality_test": "Shapiro-Wilk",
            "normality_alpha": 0.05
        }
    }
}