{
    "8": {
        "densities": [
            0.05,
            0.1,
            0.15,
            0.2,
            0.25,
            0.3,
            0.35,
            0.4,
            0.45,
            0.5,
            0.55,
            0.6,
            0.65,
            0.7,
            0.75,
            0.8,
            0.85
        ],
        "velocities": [
            1.2,
            1.2000000000000002,
            1.1298507462686567,
            0.9718435754189945,
            0.8348214285714286,
            0.5171322160148977,
            0.17266347687400319,
            0.0,
            0.0,
            0.0,
            0.0,
            0.0,
            0.0,
            0.0,
            0.0,
            0.0,
            0.0
        ],
        "ci_lower": [
            1.2,
            1.2000000000000002,
            1.1298507462686567,
            0.9718435754189945,
            0.8348214285714286,
            0.5171322160148977,
            0.17266347687400319,
            0.0,
            0.0,
            0.0,
            0.0,
            0.0,
            0.0,
            0.0,
            0.0,
            0.0,
            0.0
        ],
        "ci_upper": [
            1.2,
            1.2000000000000002,
            1.1298507462686567,
            0.9718435754189945,
            0.8348214285714286,
            0.5171322160148977,
            0.17266347687400319,
            0.0,
            0.0,
            0.0,
            0.0,
            0.0,
            0.0,
            0.0,
            0.0,
            0.0,
            0.0
        ],
        "std_error": [
            0.0,
            0.0,
            0.0,
            0.0,
            0.0,
            0.0,
            0.0,
            0.0,
            0.0,
            0.0,
            0.0,
            0.0,
            0.0,
            0.0,
            0.0,
            0.0,
            0.0
        ]
    },
    "16": {
        "densities": [
            0.05,
            0.1,
            0.15,
            0.2,
            0.25,
            0.3,
            0.35,
            0.4,
            0.45,
            0.5,
            0.55,
            0.6,
            0.65,
            0.7,
            0.75,
            0.8,
            0.85
        ],
        "velocities": [
            1.558541666666667,
            1.5167708333333336,
            1.319826388888889,
            1.078359375,
            0.0020833333333333333,
            0.11074652777777778,
            0.0,
            0.0,
            0.0,
            0.0,
            0.0,
            0.0,
            0.0,
            0.0,
            0.0,
            0.0,
            0.0
        ],
        "ci_lower": [
            1.558541666666667,
            1.5167708333333336,
            1.319826388888889,
            1.078359375,
            0.0020833333333333333,
            0.11074652777777778,
            0.0,
            0.0,
            0.0,
            0.0,
            0.0,
            0.0,
            0.0,
            0.0,
            0.0,
            0.0,
            0.0
        ],
        "ci_upper": [
            1.558541666666667,
            1.5167708333333336,
            1.319826388888889,
            1.078359375,
            0.0020833333333333333,
            0.11074652777777778,
            0.0,
            0.0,
            0.0,
            0.0,
            0.0,
            0.0,
            0.0,
            0.0,
            0.0,
            0.0,
            0.0
        ],
        "std_error": [
            0.0,
            0.0,
            0.0,
            0.0,
            0.0,
            0.0,
            0.0,
            0.0,
            0.0,
            0.0,
            0.0,
            0.0,
            0.0,
            0.0,
            0.0,
            0.0,
            0.0
        ]
    },
    "32": {
        "densities": [
            0.05,
            0.1,
            0.15,
            0.2,
            0.25,
            0.3,
            0.35,
            0.4,
            0.45,
            0.5,
            0.55,
            0.6,
            0.65,
            0.7,
            0.75,
            0.8,
            0.85
        ],
        "velocities": [
            1.7651010101010098,
            1.7407313997477933,
            1.414067226890756,
            1.1533207309388782,
            0.0010080645161290322,
            0.0012605042016806721,
            0.0,
            0.0,
            0.0,
            0.0,
            0.0,
            0.0,
            0.0,
            0.0,
            0.0,
            0.0,
            0.0
        ],
        "ci_lower": [
            1.7651010101010098,
            1.7407313997477933,
            1.414067226890756,
            1.1533207309388782,
            0.0010080645161290322,
            0.0012605042016806721,
            0.0,
            0.0,
            0.0,
            0.0,
            0.0,
            0.0,
            0.0,
            0.0,
            0.0,
            0.0,
            0.0
        ],
        "ci_upper": [
            1.7651010101010098,
            1.7407313997477933,
            1.414067226890756,
            1.1533207309388782,
            0.0010080645161290322,
            0.0012605042016806721,
            0.0,
            0.0,
            0.0,
            0.0,
            0.0,
            0.0,
            0.0,
            0.0,
            0.0,
            0.0,
            0.0
        ],
        "std_error": [
            0.0,
            0.0,
            0.0,
            0.0,
            0.0,
            0.0,
            0.0,
            0.0,
            0.0,
            0.0,
            0.0,
            0.0,
            0.0,
            0.0,
            0.0,
            0.0,
            0.0
        ]
    },
    "64": {
        "densities": [
            0.05,
            0.1,
            0.15,
            0.2,
            0.25,
            0.3,
            0.35,
            0.4,
            0.45,
            0.5,
            0.55,
            0.6,
            0.65,
            0.7,
            0.75,
            0.8,
            0.85
        ],
        "velocities": [
            1.845285359801489,
            1.8803598014888339,
            1.5031004547333608,
            1.1732899224806201,
            0.0,
            0.0,
            0.0,
            0.0,
            0.0,
            0.0,
            0.0,
            0.0,
            0.0,
            0.0,
            0.0,
            0.0,
            0.0
        ],
        "ci_lower": [
            1.845285359801489,
            1.8803598014888339,
            1.5031004547333608,
            1.1732899224806201,
            0.0,
            0.0,
            0.0,
            0.0,
            0.0,
            0.0,
            0.0,
            0.0,
            0.0,
            0.0,
            0.0,
            0.0,
            0.0
        ],
        "ci_upper": [
            1.845285359801489,
            1.8803598014888339,
            1.5031004547333608,
            1.1732899224806201,
            0.0,
            0.0,
            0.0,
            0.0,
            0.0,
            0.0,
            0.0,
            0.0,
            0.0,
            0.0,
            0.0,
            0.0,
            0.0
        ],
        "std_error": [
            0.0,
            0.0,
            0.0,
            0.0,
            0.0,
            0.0,
            0.0,
            0.0,
            0.0,
            0.0,
            0.0,
            0.0,
            0.0,
            0.0,
            0.0,
            0.0,
            0.0
        ]
    },
    "metadata": {
        "timestamp": "3001_1450",
        "experiment_type": "road_length",
        "n_variables": 4,
        "variable_values": [
            8,
            16,
            32,
            64
        ],
        "statistical_info": {
            "confidence_level": 0.95,
            "ci_method": "t-distribution",
            "normality_test": "Shapiro-Wilk",
            "normality_alpha": 0.05
        }
    }
}