{
    "16": {
        "densities": [
            0.1,
            0.2,
            0.3,
            0.4,
            0.5
        ],
        "velocities": [
            1.526150390625,
            0.3610797526041667,
            0.09751692708333334,
            0.04990152994791667,
            0.0
        ],
        "ci_lower": [
            1.526150390625,
            0.3610797526041667,
            0.09751692708333334,
            0.04990152994791667,
            0.0
        ],
        "ci_upper": [
            1.526150390625,
            0.3610797526041667,
            0.09751692708333334,
            0.04990152994791667,
            0.0
        ],
        "std_error": [
            0.0,
            0.0,
            0.0,
            0.0,
            0.0
        ]
    },
    "32": {
        "densities": [
            0.1,
            0.2,
            0.3,
            0.4
        ],
        "velocities": [
            0.9219533711405167,
            0.18100567107750473,
            0.12521726346739473,
            0.0
        ],
        "ci_lower": [
            0.9219533711405167,
            0.18100567107750473,
            0.12521726346739473,
            0.0
        ],
        "ci_upper": [
            0.9219533711405167,
            0.18100567107750473,
            0.12521726346739473,
            0.0
        ],
        "std_error": [
            0.0,
            0.0,
            0.0,
            0.0
        ]
    },
    "metadata": {
        "timestamp": "3001_1807",
        "experiment_type": "road_length",
        "n_variables": 2,
        "variable_values": [
            16,
            32
        ],
        "statistical_info": {
            "confidence_level": 0.95,
            "ci_method": "t-distribution",
            "normality_test": "Shapiro-Wilk",
            "normality_alpha": 0.05
        }
    }
}