{
    "16": {
        "densities": [
            0.1,
            0.2,
            0.3,
            0.4,
            0.5
        ],
        "velocities": [
            0.4257298177083333,
            1.0844401041666667,
            0.06113237847222221,
            0.049104329427083336,
            0.0
        ],
        "ci_lower": [
            0.4257298177083333,
            1.0844401041666667,
            0.06113237847222221,
            0.049104329427083336,
            0.0
        ],
        "ci_upper": [
            0.4257298177083333,
            1.0844401041666667,
            0.06113237847222221,
            0.049104329427083336,
            0.0
        ],
        "std_error": [
            0.0,
            0.0,
            0.0,
            0.0,
            0.0
        ]
    },
    "32": {
        "densities": [
            0.1,
            0.2,
            0.3,
            0.4
        ],
        "velocities": [
            1.724032766225583,
            0.7273547574039068,
            0.13589751128845953,
            0.0
        ],
        "ci_lower": [
            1.724032766225583,
            0.7273547574039068,
            0.13589751128845953,
            0.0
        ],
        "ci_upper": [
            1.724032766225583,
            0.7273547574039068,
            0.13589751128845953,
            0.0
        ],
        "std_error": [
            0.0,
            0.0,
            0.0,
            0.0
        ]
    },
    "64": {
        "densities": [
            0.1,
            0.2,
            0.3
        ],
        "velocities": [
            1.814076923076923,
            1.1184272868217053,
            0.0
        ],
        "ci_lower": [
            1.814076923076923,
            1.1184272868217053,
            0.0
        ],
        "ci_upper": [
            1.814076923076923,
            1.1184272868217053,
            0.0
        ],
        "std_error": [
            0.0,
            0.0,
            0.0
        ]
    },
    "metadata": {
        "timestamp": "3001_1809",
        "experiment_type": "road_length",
        "n_variables": 3,
        "variable_values": [
            16,
            32,
            64
        ],
        "statistical_info": {
            "confidence_level": 0.95,
            "ci_method": "t-distribution",
            "normality_test": "Shapiro-Wilk",
            "normality_alpha": 0.05
        }
    }
}