{
    "16": {
        "densities": [
            0.05,
            0.1,
            0.15,
            0.2,
            0.25,
            0.3,
            0.35,
            0.4,
            0.45,
            0.5,
            0.55,
            0.6,
            0.65,
            0.7,
            0.75,
            0.8,
            0.85,
            0.9
        ],
        "velocities": [
            1.625,
            1.625,
            1.625,
            1.625,
            1.6241015625000004,
            1.6016221788194447,
            1.5596865699404763,
            1.4697998046875,
            1.346947337962963,
            1.2375130208333334,
            1.1361860795454546,
            1.0512369791666667,
            0.9839017427884615,
            0.9226818266369048,
            0.8363932291666668,
            0.699493408203125,
            0.5246591605392157,
            0.3180881076388889
        ],
        "ci_lower": [
            1.625,
            1.625,
            1.625,
            1.625,
            1.6241015625000004,
            1.6016221788194447,
            1.5596865699404763,
            1.4697998046875,
            1.346947337962963,
            1.2375130208333334,
            1.1361860795454546,
            1.0512369791666667,
            0.9839017427884615,
            0.9226818266369048,
            0.8363932291666668,
            0.699493408203125,
            0.5246591605392157,
            0.3180881076388889
        ],
        "ci_upper": [
            1.625,
            1.625,
            1.625,
            1.625,
            1.6241015625000004,
            1.6016221788194447,
            1.5596865699404763,
            1.4697998046875,
            1.346947337962963,
            1.2375130208333334,
            1.1361860795454546,
            1.0512369791666667,
            0.9839017427884615,
            0.9226818266369048,
            0.8363932291666668,
            0.699493408203125,
            0.5246591605392157,
            0.3180881076388889
        ],
        "std_error": [
            0.0,
            0.0,
            0.0,
            0.0,
            0.0,
            0.0,
            0.0,
            0.0,
            0.0,
            0.0,
            0.0,
            0.0,
            0.0,
            0.0,
            0.0,
            0.0,
            0.0,
            0.0
        ]
    },
    "metadata": {
        "timestamp": "2901_1632",
        "experiment_type": "road_length",
        "n_variables": 1,
        "variable_values": [
            16
        ],
        "statistical_info": {
            "confidence_level": 0.95,
            "ci_method": "t-distribution",
            "normality_test": "Shapiro-Wilk",
            "normality_alpha": 0.05
        }
    }
}