{
    "32": {
        "densities": [
            0.01,
            0.03,
            0.05,
            0.07,
            0.09,
            0.11,
            0.13,
            0.15,
            0.17,
            0.19,
            0.21,
            0.23,
            0.25,
            0.27,
            0.29,
            0.31,
            0.33,
            0.35
        ],
        "velocities": [
            1.7642965299684543,
            1.761703781512605,
            1.7545444234404535,
            1.7584302430243026,
            1.753456582633053,
            1.7015978229733602,
            0.39765050896752296,
            1.4205830707834488,
            0.7328042994810972,
            0.41381163986071967,
            0.17654215421542152,
            0.10340884810299958,
            0.11524092741935484,
            0.09800326721120185,
            0.074575556762629,
            0.06214634146341462,
            0.060681050119331746,
            0.0
        ],
        "ci_lower": [
            1.7642965299684543,
            1.761703781512605,
            1.7545444234404535,
            1.7584302430243026,
            1.753456582633053,
            1.7015978229733602,
            0.39765050896752296,
            1.4205830707834488,
            0.7328042994810972,
            0.41381163986071967,
            0.17654215421542152,
            0.10340884810299958,
            0.11524092741935484,
            0.09800326721120185,
            0.074575556762629,
            0.06214634146341462,
            0.060681050119331746,
            0.0
        ],
        "ci_upper": [
            1.7642965299684543,
            1.761703781512605,
            1.7545444234404535,
            1.7584302430243026,
            1.753456582633053,
            1.7015978229733602,
            0.39765050896752296,
            1.4205830707834488,
            0.7328042994810972,
            0.41381163986071967,
            0.17654215421542152,
            0.10340884810299958,
            0.11524092741935484,
            0.09800326721120185,
            0.074575556762629,
            0.06214634146341462,
            0.060681050119331746,
            0.0
        ],
        "std_error": [
            0.0,
            0.0,
            0.0,
            0.0,
            0.0,
            0.0,
            0.0,
            0.0,
            0.0,
            0.0,
            0.0,
            0.0,
            0.0,
            0.0,
            0.0,
            0.0,
            0.0,
            0.0
        ]
    },
    "metadata": {
        "timestamp": "3001_1858",
        "experiment_type": "road_length",
        "n_variables": 1,
        "variable_values": [
            32
        ],
        "statistical_info": {
            "confidence_level": 0.95,
            "ci_method": "t-distribution",
            "normality_test": "Shapiro-Wilk",
            "normality_alpha": 0.05
        }
    }
}