{
    "32": {
        "densities": [
            0.05,
            0.1,
            0.15,
            0.2,
            0.25,
            0.3,
            0.35,
            0.4,
            0.45,
            0.5,
            0.55,
            0.6,
            0.65,
            0.7,
            0.75,
            0.8,
            0.85,
            0.9,
            0.95
        ],
        "velocities": [
            1.7636073232323233,
            1.7382156368221944,
            1.2209445378151262,
            1.0452002205419029,
            0.4904832409274193,
            0.033514810924369746,
            0.00774774936982355,
            0.0025612003780718334,
            0.001654088490618874,
            0.001000945060483871,
            0.0009388175985334554,
            0.0008823776517538332,
            0.0009506107018224118,
            0.000812961296129613,
            0.0007746135752688172,
            0.0007167611846250788,
            0.0006328762045959969,
            0.0006300406048725848,
            0.0004377238360525268
        ],
        "ci_lower": [
            1.763424252994645,
            1.733439379557273,
            1.0471381918329583,
            0.9979870301491502,
            0.4091248085231734,
            0.027126705197448198,
            0.003687262503855644,
            0.0013881438062814829,
            0.001090916474238532,
            0.0006144376035348803,
            0.0007699206054396827,
            0.0006344713691722316,
            0.000732132927255529,
            0.0006563763612588713,
            0.0006139221756242636,
            0.0006117244343411759,
            0.0005428338058961059,
            0.0005120019090472864,
            0.0003541416928444585
        ],
        "ci_upper": [
            1.7637903934700017,
            1.7429918940871159,
            1.3947508837972942,
            1.0924134109346555,
            0.5718416733316651,
            0.039902916651291295,
            0.011808236235791456,
            0.0037342569498621837,
            0.002217260506999216,
            0.0013874525174328617,
            0.0011077145916272282,
            0.001130283934335435,
            0.0011690884763892945,
            0.0009695462310003546,
            0.0009353049749133708,
            0.0008217979349089817,
            0.000722918603295888,
            0.0007480793006978831,
            0.000521305979260595
        ],
        "std_error": [
            8.870117993294851e-05,
            0.0023141918666554464,
            0.08421263971668642,
            0.022875732010545373,
            0.03941978250135979,
            0.0030951645810938294,
            0.001967386838413686,
            0.0005683692956620084,
            0.0002728680696090543,
            0.00018727056849349725,
            8.183396036699853e-05,
            0.00012011553629169207,
            0.00010585683745743083,
            7.586852269872514e-05,
            7.785818675012732e-05,
            5.089239957658047e-05,
            4.3627337299399465e-05,
            5.71921014045324e-05,
            4.049721471879799e-05
        ]
    },
    "128": {
        "densities": [
            0.05,
            0.1,
            0.15,
            0.2,
            0.25,
            0.3,
            0.35,
            0.4,
            0.45,
            0.5,
            0.55,
            0.6,
            0.65,
            0.7,
            0.75,
            0.8,
            0.85,
            0.9,
            0.95
        ],
        "velocities": [
            1.9197604615384611,
            1.5530762073208246,
            0.6380650123051681,
            0.3016950169178714,
            0.21209233513779527,
            0.1779904388393315,
            0.10793395728974425,
            0.07362307751461089,
            0.08621787423103212,
            0.06206532972440944,
            0.03182191991499357,
            0.02718028143743272,
            0.02374313836835132,
            0.02347920511468495,
            0.017470287893700788,
            0.018726056365104386,
            0.014750533743441287,
            0.010697231715652768,
            0.008087531567700576
        ],
        "ci_lower": [
            1.9077313695667935,
            1.4402856936460489,
            0.5602648563422872,
            0.24199060223567434,
            0.15358090609901465,
            0.13156636351833192,
            0.06897804983991478,
            0.058603033493601846,
            0.05458073125334805,
            0.041715702369244156,
            0.02432871636882259,
            0.014875064402185513,
            0.01537947000291366,
            0.015148417407608618,
            0.01306809255662442,
            0.013703079274470835,
            0.011977154073968516,
            0.009591756161196757,
            0.007291721603640061
        ],
        "ci_upper": [
            1.9317895535101288,
            1.6658667209956004,
            0.715865168268049,
            0.3613994316000684,
            0.2706037641765759,
            0.22441451416033106,
            0.14688986473957372,
            0.08864312153561993,
            0.11785501720871619,
            0.08241495707957472,
            0.03931512346116455,
            0.039485498472679924,
            0.032106806733788976,
            0.03180999282176128,
            0.021872483230777156,
            0.023749033455737936,
            0.01752391341291406,
            0.011802707270108778,
            0.008883341531761091
        ],
        "std_error": [
            0.005828334878134271,
            0.054649252522277904,
            0.03769572662597888,
            0.028927979209938337,
            0.02834995388175778,
            0.022493390026096946,
            0.01887491380346751,
            0.007277510775123126,
            0.015328826506244776,
            0.00985980015370199,
            0.003630606506290831,
            0.005962122976402844,
            0.004052364065237938,
            0.004036432730736986,
            0.0021329514051329525,
            0.002433732540940085,
            0.0013437577413131707,
            0.0005356249454353033,
            0.00038558579324401185
        ]
    },
    "256": {
        "densities": [
            0.05,
            0.1,
            0.15,
            0.2,
            0.25,
            0.3,
            0.35,
            0.4,
            0.45,
            0.5,
            0.55,
            0.6,
            0.65,
            0.7,
            0.75,
            0.8,
            0.85,
            0.9,
            0.95
        ],
        "velocities": [
            1.9501344209558826,
            1.3710455346200983,
            0.6838704554738562,
            0.4944092754289216,
            0.30907127757352937,
            0.24324259599673204,
            0.20014390756302522,
            0.15806801470588236,
            0.11915842864923747,
            0.1002720205269608,
            0.10196700924688057,
            0.09920823120915033,
            0.09394799325980392,
            0.08867854954481792,
            0.08258380310457517,
            0.07568671970741421,
            0.05791440942185698,
            0.042245191653050115,
            0.025308650187048504
        ],
        "ci_lower": [
            1.9441365473711816,
            1.3235210061367617,
            0.6391874871923602,
            0.4392349659537743,
            0.2863009949514494,
            0.22610475251474232,
            0.1852231765827519,
            0.14814899909527676,
            0.11142322535042332,
            0.09585954837185978,
            0.09541594279406185,
            0.09026291130888195,
            0.08946069776266526,
            0.08550724365917887,
            0.07920759739158335,
            0.07219133704683066,
            0.056397432265630716,
            0.041292140716127315,
            0.024818383612953455
        ],