{
    "16": {
        "densities": [
            0.1,
            0.2,
            0.3,
            0.4,
            0.5,
            0.6
        ],
        "velocities": [
            NaN,
            NaN,
            NaN,
            NaN,
            NaN,
            0.0
        ],
        "ci_lower": [
            NaN,
            NaN,
            NaN,
            NaN,
            NaN,
            0.0
        ],
        "ci_upper": [
            NaN,
            NaN,
            NaN,
            NaN,
            NaN,
            0.0
        ],
        "std_error": [
            0.0,
            0.0,
            0.0,
            0.0,
            0.0,
            0.0
        ]
    },
    "64": {
        "densities": [
            0.1,
            0.2,
            0.3
        ],
        "velocities": [
            NaN,
            NaN,
            0.0
        ],
        "ci_lower": [
            NaN,
            NaN,
            0.0
        ],
        "ci_upper": [
            NaN,
            NaN,
            0.0
        ],
        "std_error": [
            0.0,
            0.0,
            0.0
        ]
    },
    "128": {
        "densities": [
            0.1,
            0.2,
            0.3,
            0.4,
            0.5
        ],
        "velocities": [
            1.8800098522167485,
            1.1528541538461539,
            0.4712108285479901,
            0.46692340818209777,
            0.0
        ],
        "ci_lower": [
            1.8800098522167485,
            1.1528541538461539,
            0.4712108285479901,
            0.46692340818209777,
            0.0
        ],
        "ci_upper": [
            1.8800098522167485,
            1.1528541538461539,
            0.4712108285479901,
            0.46692340818209777,
            0.0
        ],
        "std_error": [
            0.0,
            0.0,
            0.0,
            0.0,
            0.0
        ]
    },
    "256": {
        "densities": [
            0.1,
            0.2,
            0.3,
            0.4,
            0.5,
            0.6
        ],
        "velocities": [
            1.9145980392156863,
            1.128754901960784,
            0.8341797385620916,
            0.4477524509803922,
            0.49772745098039217,
            0.0
        ],
        "ci_lower": [
            1.9145980392156863,
            1.128754901960784,
            0.8341797385620916,
            0.4477524509803922,
            0.49772745098039217,
            0.0
        ],
        "ci_upper": [
            1.9145980392156863,
            1.128754901960784,
            0.8341797385620916,
            0.4477524509803922,
            0.49772745098039217,
            0.0
        ],
        "std_error": [
            0.0,
            0.0,
            0.0,
            0.0,
            0.0,
            0.0
        ]
    },
    "metadata": {
        "timestamp": "3001_1749",
        "experiment_type": "road_length",
        "n_variables": 4,
        "variable_values": [
            16,
            64,
            128,
            256
        ],
        "statistical_info": {
            "confidence_level": 0.95,
            "ci_method": "t-distribution",
            "normality_test": "Shapiro-Wilk",
            "normality_alpha": 0.05
        }
    }
}