{
    "32": {
        "densities": [
            0.05,
            0.1,
            0.15,
            0.2,
            0.25,
            0.3,
            0.35,
            0.4,
            0.45,
            0.5,
            0.55,
            0.6,
            0.65,
            0.7,
            0.75,
            0.8,
            0.85,
            0.9,
            0.95
        ],
        "velocities": [
            1.7635558712121209,
            1.7368229823455235,
            1.3740210084033617,
            1.055483223062382,
            0.40144216229838703,
            0.031946953781512605,
            0.0029413485776017285,
            0.0015048046628859484,
            0.002294700364043685,
            0.0008596900201612903,
            0.0008335242896425298,
            0.0008669397185465239,
            0.0008198429623885227,
            0.0006597659765976598,
            0.0005511802755376343,
            0.0006021581600504095,
            0.0006790214974054855,
            0.0006973711845421451,
            0.0003478578060750762
        ],
        "ci_lower": [
            1.7632008099342527,
            1.7265329665041902,
            1.365249164666909,
            1.053197938906746,
            0.2671262338066993,
            0.02365418269927757,
            0.002241364261450258,
            0.0012521658345703087,
            0.00026843696903780046,
            0.00037278520602675007,
            0.0007216044645408309,
            0.0005353469739871441,
            0.0006919636994917878,
            0.00043396498907658225,
            0.00017398388557998673,
            0.00033773352994484473,
            0.0004640661127197001,
            0.0005760598598842951,
            0.00023154223739831048
        ],
        "ci_upper": [
            1.763910932489989,
            1.7471129981868567,
            1.3827928521398145,
            1.057768507218018,
            0.5357580907900747,
            0.04023972486374764,
            0.0036413328937531988,
            0.0017574434912015881,
            0.00432096375904957,
            0.0013465948342958303,
            0.0009454441147442287,
            0.0011985324631059037,
            0.0009477222252852576,
            0.0008855669641187374,
            0.000928376665495282,
            0.0008665827901559744,
            0.000893976882091271,
            0.0008186825091999951,
            0.0004641733747518419
        ],
        "std_error": [
            0.0001569569452107289,
            0.004548762575077115,
            0.003877645585590325,
            0.0010102234244205404,
            0.05937515337008025,
            0.0036658686754426394,
            0.0003094322214413786,
            0.00011168049349714174,
            0.0008957217598663244,
            0.00021523916292368755,
            4.947482294311189e-05,
            0.00014658254077317014,
            5.652978714148812e-05,
            9.981666668826444e-05,
            0.00016674190288430257,
            0.00011689047712845373,
            9.502230358503579e-05,
            5.3626391061527756e-05,
            5.141798747970882e-05
        ]
    },
    "metadata": {
        "timestamp": "2901_1534",
        "experiment_type": "road_length",
        "n_variables": 1,
        "variable_values": [
            32
        ],
        "statistical_info": {
            "confidence_level": 0.95,
            "ci_method": "t-distribution",
            "normality_test": "Shapiro-Wilk",
            "normality_alpha": 0.05
        }
    }
}