{
    "32": {
        "densities": [
            0.05,
            0.1,
            0.15,
            0.2,
            0.25,
            0.3,
            0.35,
            0.4,
            0.45,
            0.5,
            0.55,
            0.6,
            0.65,
            0.7,
            0.75,
            0.8,
            0.85,
            0.9,
            0.95
        ],
        "velocities": [
            1.8125,
            1.8125,
            1.8125,
            1.8124964555765595,
            1.8119427293346775,
            1.7942996323529414,
            1.7222011163125674,
            1.5854334042218021,
            1.4290888406608793,
            1.292870148689516,
            1.17918251604033,
            1.0838365101869356,
            1.0056864336952307,
            0.9198440594059406,
            0.7912831821236559,
            0.6379909026465028,
            0.4561528910303928,
            0.27324340170820494,
            0.11540414842817348
        ],
        "ci_lower": [
            1.8125,
            1.8125,
            1.8125,
            1.8124910691274754,
            1.811341363573578,
            1.7902142012765636,
            1.7181664375391879,
            1.581139952341805,
            1.4266420498542167,
            1.2904268716174652,
            1.17781162597118,
            1.0816725836610253,
            1.0043144406515832,
            0.9168723943858981,
            0.7899132061738858,
            0.6361441749109429,
            0.45302260791792426,
            0.2720836413616863,
            0.11479312311112097
        ],
        "ci_upper": [
            1.8125,
            1.8125,
            1.8125,
            1.8125018420256436,
            1.812544095095777,
            1.7983850634293193,
            1.726235795085947,
            1.5897268561017992,
            1.4315356314675418,
            1.2953134257615668,
            1.18055340610948,
            1.086000436712846,
            1.0070584267388782,
            0.9228157244259831,
            0.792653158073426,
            0.6398376303820628,
            0.45928317414286135,
            0.2744031620547236,
            0.11601517374522599
        ],
        "std_error": [
            0.0,
            0.0,
            0.0,
            2.3811117868133716e-06,
            0.0002658373038683288,
            0.001805989054811442,
            0.001783553698050348,
            0.001897945885678486,
            0.0010816183980671757,
            0.0010800651308276554,
            0.0006060100914564237,
            0.000956576563929027,
            0.0006064976678793142,
            0.0013136421592800614,
            0.0006056059995591019,
            0.0008163569560436519,
            0.0013837602284534258,
            0.0005126789444882778,
            0.0002701073679078953
        ]
    },
    "metadata": {
        "timestamp": "2901_1532",
        "experiment_type": "road_length",
        "n_variables": 1,
        "variable_values": [
            32
        ],
        "statistical_info": {
            "confidence_level": 0.95,
            "ci_method": "t-distribution",
            "normality_test": "Shapiro-Wilk",
            "normality_alpha": 0.05
        }
    }
}