{
    "16": {
        "densities": [
            0.05,
            0.1,
            0.15,
            0.2,
            0.25,
            0.3,
            0.35,
            0.4,
            0.45
        ],
        "velocities": [
            1.560091145833333,
            1.55162109375,
            0.0080859375,
            0.003974609375,
            0.0037109374999999994,
            0.004963107638888889,
            0.004696800595238095,
            0.0023193359375,
            0.00021701388888888888
        ],
        "ci_lower": [
            1.560091145833333,
            1.55162109375,
            0.0080859375,
            0.003974609375,
            0.0037109374999999994,
            0.004963107638888889,
            0.004696800595238095,
            0.0023193359375,
            0.00021701388888888888
        ],
        "ci_upper": [
            1.560091145833333,
            1.55162109375,
            0.0080859375,
            0.003974609375,
            0.0037109374999999994,
            0.004963107638888889,
            0.004696800595238095,
            0.0023193359375,
            0.00021701388888888888
        ],
        "std_error": [
            0.0,
            0.0,
            0.0,
            0.0,
            0.0,
            0.0,
            0.0,
            0.0,
            0.0
        ]
    },
    "64": {
        "densities": [
            0.05,
            0.1,
            0.15,
            0.2,
            0.25,
            0.3
        ],
        "velocities": [
            1.8817866004962778,
            1.8660545905707198,
            1.0967011161637041,
            1.235187596899225,
            0.1539484126984127,
            0.0
        ],
        "ci_lower": [
            1.8817866004962778,
            1.8660545905707198,
            1.0967011161637041,
            1.235187596899225,
            0.1539484126984127,
            0.0
        ],
        "ci_upper": [
            1.8817866004962778,
            1.8660545905707198,
            1.0967011161637041,
            1.235187596899225,
            0.1539484126984127,
            0.0
        ],
        "std_error": [
            0.0,
            0.0,
            0.0,
            0.0,
            0.0,
            0.0
        ]
    },
    "128": {
        "densities": [
            0.05,
            0.1,
            0.15,
            0.2,
            0.25,
            0.3,
            0.35
        ],
        "velocities": [
            1.9406896551724138,
            1.9200985221674878,
            1.4454470877768661,
            1.4294646153846153,
            0.4507086614173228,
            0.027563576702214935,
            0.0
        ],
        "ci_lower": [
            1.9406896551724138,
            1.9200985221674878,
            1.4454470877768661,
            1.4294646153846153,
            0.4507086614173228,
            0.027563576702214935,
            0.0
        ],
        "ci_upper": [
            1.9406896551724138,
            1.9200985221674878,
            1.4454470877768661,
            1.4294646153846153,
            0.4507086614173228,
            0.027563576702214935,
            0.0
        ],
        "std_error": [
            0.0,
            0.0,
            0.0,
            0.0,
            0.0,
            0.0,
            0.0
        ]
    },
    "256": {
        "densities": [
            0.05,
            0.1,
            0.15,
            0.2,
            0.25,
            0.3
        ],
        "velocities": [
            1.9750980392156863,
            0.4344117647058824,
            1.4488235294117646,
            0.7655392156862746,
            0.0287843137254902,
            0.0009803921568627453
        ],
        "ci_lower": [
            1.9750980392156863,
            0.4344117647058824,
            1.4488235294117646,
            0.7655392156862746,
            0.0287843137254902,
            0.0009803921568627453
        ],
        "ci_upper": [
            1.9750980392156863,
            0.4344117647058824,
            1.4488235294117646,
            0.7655392156862746,
            0.0287843137254902,
            0.0009803921568627453
        ],
        "std_error": [
            0.0,
            0.0,
            0.0,
            0.0,
            0.0,
            0.0
        ]
    },
    "metadata": {
        "timestamp": "3001_1640",
        "experiment_type": "road_length",
        "n_variables": 4,
        "variable_values": [
            16,
            64,
            128,
            256
        ],
        "statistical_info": {
            "confidence_level": 0.95,
            "ci_method": "t-distribution",
            "normality_test": "Shapiro-Wilk",
            "normality_alpha": 0.05
        }
    }
}