{
    "16": {
        "densities": [
            0.1,
            0.2,
            0.3,
            0.4
        ],
        "velocities": [
            1.537308304398148,
            0.004475911458333334,
            0.00759548611111111,
            0.0003454137731481482
        ],
        "ci_lower": [
            1.537308304398148,
            0.004475911458333334,
            0.00759548611111111,
            0.0003454137731481482
        ],
        "ci_upper": [
            1.537308304398148,
            0.004475911458333334,
            0.00759548611111111,
            0.0003454137731481482
        ],
        "std_error": [
            0.0,
            0.0,
            0.0,
            0.0
        ]
    },
    "64": {
        "densities": [
            0.1,
            0.2,
            0.3,
            0.4
        ],
        "velocities": [
            1.3978770333609043,
            1.1716589147286822,
            0.032791327913279135,
            0.0
        ],
        "ci_lower": [
            1.3978770333609043,
            1.1716589147286822,
            0.032791327913279135,
            0.0
        ],
        "ci_upper": [
            1.3978770333609043,
            1.1716589147286822,
            0.032791327913279135,
            0.0
        ],
        "std_error": [
            0.0,
            0.0,
            0.0,
            0.0
        ]
    },
    "128": {
        "densities": [
            0.1,
            0.2,
            0.3,
            0.4
        ],
        "velocities": [
            1.9226874657909137,
            1.2559452991452993,
            0.009853249475890984,
            0.0
        ],
        "ci_lower": [
            1.9226874657909137,
            1.2559452991452993,
            0.009853249475890984,
            0.0
        ],
        "ci_upper": [
            1.9226874657909137,
            1.2559452991452993,
            0.009853249475890984,
            0.0
        ],
        "std_error": [
            0.0,
            0.0,
            0.0,
            0.0
        ]
    },
    "256": {
        "densities": [
            0.1,
            0.2,
            0.3,
            0.4,
            0.5,
            0.6,
            0.7,
            0.8
        ],
        "velocities": [
            1.9409586056644883,
            0.7226851851851852,
            0.34854756717501817,
            0.0607979302832244,
            0.00840958605664488,
            0.004720406681190995,
            0.020214752567693742,
            0.00047657952069716776
        ],
        "ci_lower": [
            1.9409586056644883,
            0.7226851851851852,
            0.34854756717501817,
            0.0607979302832244,
            0.00840958605664488,
            0.004720406681190995,
            0.020214752567693742,
            0.00047657952069716776
        ],
        "ci_upper": [
            1.9409586056644883,
            0.7226851851851852,
            0.34854756717501817,
            0.0607979302832244,
            0.00840958605664488,
            0.004720406681190995,
            0.020214752567693742,
            0.00047657952069716776
        ],
        "std_error": [
            0.0,
            0.0,
            0.0,
            0.0,
            0.0,
            0.0,
            0.0,
            0.0
        ]
    },
    "metadata": {
        "timestamp": "3001_1741",
        "experiment_type": "road_length",
        "n_variables": 4,
        "variable_values": [
            16,
            64,
            128,
            256
        ],
        "statistical_info": {
            "confidence_level": 0.95,
            "ci_method": "t-distribution",
            "normality_test": "Shapiro-Wilk",
            "normality_alpha": 0.05
        }
    }
}