{
    "16": {
        "densities": [
            0.1,
            0.2,
            0.3,
            0.4,
            0.5,
            0.6,
            0.7,
            0.8,
            0.9
        ],
        "velocities": [
            1.5477958333333333,
            1.0589927083333333,
            0.05435347222222222,
            0.0,
            0.0,
            0.0,
            0.0,
            0.0,
            0.0
        ],
        "ci_lower": [
            1.5432808004915424,
            1.047873138574246,
            0.029927244365570604,
            0.0,
            0.0,
            0.0,
            0.0,
            0.0,
            0.0
        ],
        "ci_upper": [
            1.5523108661751241,
            1.0701122780924206,
            0.07877970007887383,
            0.0,
            0.0,
            0.0,
            0.0,
            0.0,
            0.0
        ],
        "std_error": [
            0.002187623425750774,
            0.005387653233459315,
            0.011834994369773675,
            0.0,
            0.0,
            0.0,
            0.0,
            0.0,
            0.0
        ]
    },
    "metadata": {
        "timestamp": "3001_1446",
        "experiment_type": "road_length",
        "n_variables": 1,
        "variable_values": [
            16
        ],
        "statistical_info": {
            "confidence_level": 0.95,
            "ci_method": "t-distribution",
            "normality_test": "Shapiro-Wilk",
            "normality_alpha": 0.05
        }
    }
}