{
    "16": {
        "densities": [
            0.1,
            0.2,
            0.3,
            0.4,
            0.5,
            0.6,
            0.7,
            0.8,
            0.9
        ],
        "velocities": [
            1.6238541666666666,
            1.6236393229166666,
            1.6028146701388888,
            1.4623811848958335,
            1.2367083333333333,
            1.0523057725694445,
            0.941522507440476,
            0.8056193033854168,
            0.38943793402777777
        ],
        "ci_lower": [
            1.6238541666666666,
            1.6236393229166666,
            1.6028146701388888,
            1.4623811848958335,
            1.2367083333333333,
            1.0523057725694445,
            0.941522507440476,
            0.8056193033854168,
            0.38943793402777777
        ],
        "ci_upper": [
            1.6238541666666666,
            1.6236393229166666,
            1.6028146701388888,
            1.4623811848958335,
            1.2367083333333333,
            1.0523057725694445,
            0.941522507440476,
            0.8056193033854168,
            0.38943793402777777
        ],
        "std_error": [
            0.0,
            0.0,
            0.0,
            0.0,
            0.0,
            0.0,
            0.0,
            0.0,
            0.0
        ]
    },
    "64": {
        "densities": [
            0.1,
            0.2,
            0.3,
            0.4,
            0.5,
            0.6,
            0.7,
            0.8,
            0.9
        ],
        "velocities": [
            1.9048138957816376,
            1.9046201550387596,
            1.9037122778007443,
            1.6310029452798016,
            1.3098958333333335,
            1.0972798677139313,
            0.9392257950217027,
            0.6465416214540382,
            0.27595452979676194
        ],
        "ci_lower": [
            1.9048138957816376,
            1.9046201550387596,
            1.9037122778007443,
            1.6310029452798016,
            1.3098958333333335,
            1.0972798677139313,
            0.9392257950217027,
            0.6465416214540382,
            0.27595452979676194
        ],
        "ci_upper": [
            1.9048138957816376,
            1.9046201550387596,
            1.9037122778007443,
            1.6310029452798016,
            1.3098958333333335,
            1.0972798677139313,
            0.9392257950217027,
            0.6465416214540382,
            0.27595452979676194
        ],
        "std_error": [
            0.0,
            0.0,
            0.0,
            0.0,
            0.0,
            0.0,
            0.0,
            0.0,
            0.0
        ]
    },
    "128": {
        "densities": [
            0.1,
            0.2,
            0.3,
            0.4,
            0.5,
            0.6,
            0.7,
            0.8,
            0.9
        ],
        "velocities": [
            1.9520689655172416,
            1.9526646153846152,
            1.9501230516817063,
            1.6501630267609966,
            1.3226082677165354,
            1.1027235438884333,
            0.9114431358762525,
            0.5900707474623194,
            0.24906083390293915
        ],
        "ci_lower": [
            1.9520689655172416,
            1.9526646153846152,
            1.9501230516817063,
            1.6501630267609966,
            1.3226082677165354,
            1.1027235438884333,
            0.9114431358762525,
            0.5900707474623194,
            0.24906083390293915
        ],
        "ci_upper": [
            1.9520689655172416,
            1.9526646153846152,
            1.9501230516817063,
            1.6501630267609966,
            1.3226082677165354,
            1.1027235438884333,
            0.9114431358762525,
            0.5900707474623194,
            0.24906083390293915
        ],
        "std_error": [
            0.0,
            0.0,
            0.0,
            0.0,
            0.0,
            0.0,
            0.0,
            0.0,
            0.0
        ]
    },
    "256": {
        "densities": [
            0.1,
            0.2,
            0.3,
            0.4,
            0.5,
            0.6,
            0.7,
            0.8,
            0.9
        ],
        "velocities": [
            1.9790196078431377,
            1.980196078431373,
            1.9766339869281047,
            1.6640441176470588,
            1.3335882352941175,
            1.1071405228758169,
            0.8880252100840336,
            0.5392401960784313,
            0.23254901960784313
        ],
        "ci_lower": [
            1.9790196078431377,
            1.980196078431373,
            1.9766339869281047,
            1.6640441176470588,
            1.3335882352941175,
            1.1071405228758169,
            0.8880252100840336,
            0.5392401960784313,
            0.23254901960784313
        ],
        "ci_upper": [
            1.9790196078431377,
            1.980196078431373,
            1.9766339869281047,
            1.6640441176470588,
            1.3335882352941175,
            1.1071405228758169,
            0.8880252100840336,
            0.5392401960784313,
            0.23254901960784313
        ],
        "std_error": [
            0.0,
            0.0,
            0.0,
            0.0,
            0.0,
            0.0,
            0.0,
            0.0,
            0.0
        ]
    },
    "metadata": {
        "timestamp": "3001_1722",
        "experiment_type": "road_length",
        "n_variables": 4,
        "variable_values": [
            16,
            64,
            128,
            256
        ],
        "statistical_info": {
            "confidence_level": 0.95,
            "ci_method": "t-distribution",
            "normality_test": "Shapiro-Wilk",
            "normality_alpha": 0.05
        }
    }
}