{
    "64": {
        "densities": [
            0.1,
            0.2,
            0.3,
            0.4
        ],
        "velocities": [
            1.8303622828784119,
            0.17070139534883724,
            0.2553749483257544,
            0.0
        ],
        "ci_lower": [
            1.8303622828784119,
            0.17070139534883724,
            0.2553749483257544,
            0.0
        ],
        "ci_upper": [
            1.8303622828784119,
            0.17070139534883724,
            0.2553749483257544,
            0.0
        ],
        "std_error": [
            0.0,
            0.0,
            0.0,
            0.0
        ]
    },
    "128": {
        "densities": [
            0.1,
            0.2,
            0.3,
            0.4,
            0.5
        ],
        "velocities": [
            1.8840492610837438,
            0.7992443076923075,
            0.5172009844134536,
            0.3366053521993233,
            0.0
        ],
        "ci_lower": [
            1.8840492610837438,
            0.7992443076923075,
            0.5172009844134536,
            0.3366053521993233,
            0.0
        ],
        "ci_upper": [
            1.8840492610837438,
            0.7992443076923075,
            0.5172009844134536,
            0.3366053521993233,
            0.0
        ],
        "std_error": [
            0.0,
            0.0,
            0.0,
            0.0,
            0.0
        ]
    },
    "256": {
        "densities": [
            0.1,
            0.2,
            0.3,
            0.4,
            0.5,
            0.6,
            0.7,
            0.8,
            0.9
        ],
        "velocities": [
            1.9102352941176468,
            1.1558431372549018,
            0.8384934640522875,
            0.6443406862745098,
            0.4920098039215686,
            0.3754313725490196,
            0.2699033613445378,
            0.17261764705882357,
            0.08779956427015251
        ],
        "ci_lower": [
            1.9102352941176468,
            1.1558431372549018,
            0.8384934640522875,
            0.6443406862745098,
            0.4920098039215686,
            0.3754313725490196,
            0.2699033613445378,
            0.17261764705882357,
            0.08779956427015251
        ],
        "ci_upper": [
            1.9102352941176468,
            1.1558431372549018,
            0.8384934640522875,
            0.6443406862745098,
            0.4920098039215686,
            0.3754313725490196,
            0.2699033613445378,
            0.17261764705882357,
            0.08779956427015251
        ],
        "std_error": [
            0.0,
            0.0,
            0.0,
            0.0,
            0.0,
            0.0,
            0.0,
            0.0,
            0.0
        ]
    },
    "metadata": {
        "timestamp": "3001_1818",
        "experiment_type": "road_length",
        "n_variables": 3,
        "variable_values": [
            64,
            128,
            256
        ],
        "statistical_info": {
            "confidence_level": 0.95,
            "ci_method": "t-distribution",
            "normality_test": "Shapiro-Wilk",
            "normality_alpha": 0.05
        }
    }
}