{
    "50": {
        "densities": [
            0.05,
            0.1,
            0.15,
            0.2,
            0.25,
            0.3,
            0.35,
            0.4,
            0.45
        ],
        "velocities": [
            1.0272521091811413,
            0.7363142679900746,
            0.9236682926829267,
            0.5799082597489676,
            0.06029500163070454,
            0.017968929105438156,
            0.016796551521221302,
            0.001786521894826225,
            0.0005044054737487533
        ],
        "ci_lower": [
            1.017899826941706,
            0.6217122949474194,
            0.8269407317503484,
            0.390000738958316,
            0.04409731213774828,
            0.00664119394331898,
            0.0066785419112698995,
            0.000355835444531878,
            0.0002758742382917047
        ],
        "ci_upper": [
            1.0366043914205765,
            0.8509162410327298,
            1.020395853615505,
            0.7698157805396193,
            0.0764926911236608,
            0.02929666426755733,
            0.026914561131172705,
            0.003217208345120572,
            0.0007329367092058019
        ],
        "std_error": [
            0.004531367196679502,
            0.0555269407001554,
            0.04686643167980058,
            0.09201397991229325,
            0.007848103484397694,
            0.005488513521315583,
            0.004902377373609984,
            0.0006931961080324651,
            0.00011072793968942989
        ]
    },
    "75": {
        "densities": [
            0.05,
            0.1,
            0.15,
            0.2,
            0.25,
            0.3,
            0.35
        ],
        "velocities": [
            1.1109885856079407,
            0.6861041623309053,
            0.6083856987300075,
            0.4845252563433814,
            0.07186329092818218,
            0.004385276556945938,
            0.0003199453682132531
        ],
        "ci_lower": [
            1.0951099165119098,
            0.5499369659634418,
            0.42051723173303257,
            0.29861382615527643,
            0.007660225762272085,
            0.0029617283742193736,
            -6.941104539020143e-05
        ],
        "ci_upper": [
            1.1268672547039715,
            0.8222713586983689,
            0.7962541657269824,
            0.6704366865314864,
            0.1360663560940923,
            0.005808824739672502,
            0.0007093017818167076
        ],
        "std_error": [
            0.007693531741940682,
            0.06597572133586532,
            0.09102601769768309,
            0.09007779434734253,
            0.031107665056593754,
            0.0006897374750838806,
            0.0001886509447907783
        ]
    },
    "100": {
        "densities": [
            0.05,
            0.1,
            0.15,
            0.2,
            0.25,
            0.3,
            0.35
        ],
        "velocities": [
            1.8328117866004965,
            1.528836821109888,
            1.3199731707317073,
            0.9015576472188223,
            0.16177349029923024,
            0.01915456471760084,
            0.00043313996026942206
        ],
        "ci_lower": [
            1.7789397853125481,
            1.2528126481388409,
            1.1881063030566315,
            0.7748685954353404,
            0.11133197199041553,
            0.00949657711472272,
            8.254800349871358e-06
        ],
        "ci_upper": [
            1.8866837878884448,
            1.804860994080935,
            1.451840038406783,
            1.0282466990023043,
            0.21221500860804496,
            0.028812552320478958,
            0.0008580251201889728
        ],
        "std_error": [
            0.02610205864257862,
            0.13373921475739428,
            0.06389212635094725,
            0.061383371323999805,
            0.02443992124740181,
            0.004679487539959238,
            0.00020586533069939135
        ]
    },
    "metadata": {
        "timestamp": "3001_1951",
        "experiment_type": "speed_compliance",
        "n_variables": 3,
        "variable_values": [
            50,
            75,
            100
        ],
        "statistical_info": {
            "confidence_level": 0.95,
            "ci_method": "t-distribution",
            "normality_test": "Shapiro-Wilk",
            "normality_alpha": 0.05
        }
    }
}