{
    "50": {
        "densities": [
            0.05,
            0.1,
            0.15,
            0.2,
            0.25,
            0.3,
            0.35,
            0.4,
            0.45,
            0.5,
            0.55,
            0.6,
            0.65,
            0.7,
            0.75,
            0.8,
            0.85,
            0.9,
            0.95
        ],
        "velocities": [
            1.2314975384615385,
            1.0318531990156874,
            0.824255691140279,
            0.565291487234697,
            0.24506496062992128,
            0.22268635291705116,
            0.1883590825204324,
            0.09550801676407261,
            0.10151725905673276,
            0.07015712659940944,
            0.07869038364744702,
            0.054507881786025524,
            0.02597690706038236,
            0.026765489058792516,
            0.02322293307086614,
            0.01690960821254181,
            0.013284530486701647,
            0.01054278024606972,
            0.008706655118824062
        ],
        "ci_lower": [
            1.2177386081799992,
            1.0038007385630172,
            0.7523920869981646,
            0.45864646355114713,
            0.218055481470089,
            0.19081899586066375,
            0.14702687581059334,
            0.08141297563494611,
            0.08086691331503346,
            0.05576418212961879,
            0.05836697411777182,
            0.0407047043554285,
            0.01973671356801806,
            0.021443854299797883,
            0.019221409422024428,
            0.013916093630174417,
            0.011547951809825967,
            0.009298728071775399,
            0.00782858051381015
        ],
        "ci_upper": [
            1.2452564687430778,
            1.0599056594683576,
            0.8961192952823933,
            0.6719365109182469,
            0.27207443978975354,
            0.25455370997343857,
            0.22969128923027146,
            0.10960305789319912,
            0.12216760479843206,
            0.08455007106920008,
            0.09901379317712221,
            0.06831105921662255,
            0.03221710055274666,
            0.03208712381778715,
            0.027224456719707853,
            0.019903122794909203,
            0.015021109163577327,
            0.011786832420364041,
            0.009584729723837974
        ],
        "std_error": [
            0.006666476026169678,
            0.013591976356891388,
            0.03481934891481668,
            0.05167164010203455,
            0.013086631127126219,
            0.01544036981703702,
            0.020026278170006507,
            0.006829328432695944,
            0.010005504207246567,
            0.006973668540394431,
            0.009847097094560652,
            0.0066879146520209595,
            0.003023498154600187,
            0.002578438135446387,
            0.0019388179841965084,
            0.0014504174953279114,
            0.0008414069902281682,
            0.0006027680804782388,
            0.00042544465185405183
        ]
    },
    "75": {
        "densities": [
            0.05,
            0.1,
            0.15,
            0.2,
            0.25,
            0.3,
            0.35,
            0.4,
            0.45,
            0.5,
            0.55,
            0.6,
            0.65,
            0.7,
            0.75,
            0.8,
            0.85,
            0.9,
            0.95
        ],
        "velocities": [
            1.392612769230769,
            1.109590741310366,
            0.7861129511894996,
            0.3943517763764996,
            0.22903269562007875,
            0.18850007689941556,
            0.15310932419369014,
            0.0659059327899108,
            0.06751291866028708,
            0.08354438361220472,
            0.04734770147083496,
            0.037139142359153124,
            0.030522276642059434,
            0.03223208322348185,
            0.017138174622703412,
            0.01553108539351763,
            0.012607843314637235,
            0.011678024606971975,
            0.008711244576830927
        ],
        "ci_lower": [
            1.3749418410374354,
            1.064865260243127,
            0.6857910553322163,
            0.33410976257808506,
            0.197038517149078,
            0.15611068252964708,
            0.12609355475292944,
            0.056646180498683245,
            0.0556363237146344,
            0.06137980862540535,
            0.03757407091353083,
            0.027755989118134643,
            0.020138095881974318,
            0.023348741447952397,
            0.012840001851491013,
            0.01175859224990775,
            0.010985045800068587,
            0.01039018989253787,
            0.007817254263985565
        ],
        "ci_upper": [
            1.4102836974241026,
            1.1543162223776051,
            0.886434847046783,
            0.45459379017491414,
            0.2610268740910795,
            0.22088947126918404,
            0.18012509363445084,
            0.07516568508113836,
            0.07938951360593977,
            0.10570895859900409,
            0.05712133202813909,
            0.046522295600171605,
            0.04090645740214455,
            0.04111542499901131,
            0.02143634739391581,
            0.01930357853712751,
            0.014230640829205884,
            0.01296585932140608,
            0.009605234889676288
        ],
        "std_error": [
            0.008561917005937867,
            0.021670387246144084,
            0.04860795860923929,
            0.029188456699584663,
            0.015501817320790942,
            0.015693307302961364,
            0.013089678893642157,
            0.0044865345920505825,
            0.005754447028774669,
            0.010739178464912425,
            0.004735518856893145,
            0.004546324812405979,
            0.005031342602368008,
            0.0043041561928907,
            0.0020825503981271075,
            0.0018278481383475088,
            0.0007862777486935073,
            0.0006239815940461001,
            0.00043315612960172537
        ]
    },
    "100": {
        "densities": [
            0.05,
            0.1,
            0.15,
            0.2,
            0.25,
            0.3,
            0.35,
            0.4,
            0.45,
            0.5,
            0.55,
            0.6,
            0.65,
            0.7,
            0.75,
            0.8,
            0.85,
            0.9,
            0.95
        ],
        "velocities": [
            1.911199846153846,
            1.6923021378037526,
            0.8755006152584086,
            0.42890618271301134,
            0.1909171690452756,
            0.09314754434532965,
            0.11576507162316549,
            0.05533495462934482,
            0.062102272727272735,
            0.049035925196850384,
            0.05228049326100329,
            0.022192982006459222,
            0.01973708120386144,
            0.03548644432726953,
            0.01491227854330709,
            0.01781790918528202,
            0.012700298534467162,
            0.010911534518113464,
            0.008231205076733795
        ],
        "ci_lower": [
            1.8930545756451054,
            1.5822326684922439,
            0.7030992310852112,
            0.3134802798556147,
            0.16452133043635553,
            0.07804228513002354,
            0.08908301400088717,
            0.030627176688076165,
            0.03957040829196096,
            0.030980687676492924,
            0.038905551679495845,
            0.014857607265288682,
            0.01583021342804347,
            0.026462983617314945,
            0.012197791745173518,
            0.014756767858567334,
            0.010697180660207129,
            0.00982536939109791,
            0.007305896942270698
        ],