{
    "50": {
        "densities": [
            0.1,
            0.2,
            0.3,
            0.4,
            0.5,
            0.6,
            0.7,
            0.8,
            0.9
        ],
        "velocities": [
            0.981328814627995,
            0.9571951795841211,
            0.016239495798319327,
            0.0019258034026465032,
            0.0017184349798387098,
            0.0013048729258559127,
            0.0004984248424842484,
            0.0006882088846880906,
            0.0004060487258471016
        ],
        "ci_lower": [
            0.981328814627995,
            0.9571951795841211,
            0.016239495798319327,
            0.0019258034026465032,
            0.0017184349798387098,
            0.0013048729258559127,
            0.0004984248424842484,
            0.0006882088846880906,
            0.0004060487258471016
        ],
        "ci_upper": [
            0.981328814627995,
            0.9571951795841211,
            0.016239495798319327,
            0.0019258034026465032,
            0.0017184349798387098,
            0.0013048729258559127,
            0.0004984248424842484,
            0.0006882088846880906,
            0.0004060487258471016
        ],
        "std_error": [
            0.0,
            0.0,
            0.0,
            0.0,
            0.0,
            0.0,
            0.0,
            0.0,
            0.0
        ]
    },
    "75": {
        "densities": [
            0.1,
            0.2,
            0.3,
            0.4,
            0.5,
            0.6,
            0.7,
            0.8,
            0.9
        ],
        "velocities": [
            1.0017339218158892,
            0.9577504725897921,
            0.023434873949579833,
            0.0020537964713295527,
            0.0013435609879032257,
            0.0011237135055660575,
            0.0008292079207920793,
            0.0007354678638941398,
            7.000840100812098e-06
        ],
        "ci_lower": [
            1.0017339218158892,
            0.9577504725897921,
            0.023434873949579833,
            0.0020537964713295527,
            0.0013435609879032257,
            0.0011237135055660575,
            0.0008292079207920793,
            0.0007354678638941398,
            7.000840100812098e-06
        ],
        "ci_upper": [
            1.0017339218158892,
            0.9577504725897921,
            0.023434873949579833,
            0.0020537964713295527,
            0.0013435609879032257,
            0.0011237135055660575,
            0.0008292079207920793,
            0.0007354678638941398,
            7.000840100812098e-06
        ],
        "std_error": [
            0.0,
            0.0,
            0.0,
            0.0,
            0.0,
            0.0,
            0.0,
            0.0,
            0.0
        ]
    },
    "100": {
        "densities": [
            0.1,
            0.2,
            0.3,
            0.4,
            0.5,
            0.6,
            0.7,
            0.8,
            0.9
        ],
        "velocities": [
            1.7233843001261036,
            1.0509727473219912,
            0.022914915966386555,
            0.0006596565847511027,
            0.0011214717741935484,
            0.0006891934467548834,
            0.0007752025202520252,
            0.0011027095148078135,
            0.00013301596191542985
        ],
        "ci_lower": [
            1.7233843001261036,
            1.0509727473219912,
            0.022914915966386555,
            0.0006596565847511027,
            0.0011214717741935484,
            0.0006891934467548834,
            0.0007752025202520252,
            0.0011027095148078135,
            0.00013301596191542985
        ],
        "ci_upper": [
            1.7233843001261036,
            1.0509727473219912,
            0.022914915966386555,
            0.0006596565847511027,
            0.0011214717741935484,
            0.0006891934467548834,
            0.0007752025202520252,
            0.0011027095148078135,
            0.00013301596191542985
        ],
        "std_error": [
            0.0,
            0.0,
            0.0,
            0.0,
            0.0,
            0.0,
            0.0,
            0.0,
            0.0
        ]
    },
    "metadata": {
        "timestamp": "2901_1659",
        "experiment_type": "speed_compliance",
        "n_variables": 3,
        "variable_values": [
            50,
            75,
            100
        ],
        "statistical_info": {
            "confidence_level": 0.95,
            "ci_method": "t-distribution",
            "normality_test": "Shapiro-Wilk",
            "normality_alpha": 0.05
        }
    }
}