{
    "50": {
        "densities": [
            0.05,
            0.15
        ],
        "velocities": [
            0.06245231278233761,
            0.0
        ],
        "ci_lower": [
            0.020165388472939055,
            0.0
        ],
        "ci_upper": [
            0.10473923709173616,
            0.0
        ],
        "std_error": [
            0.015230599816374169,
            0.0
        ]
    },
    "75": {
        "densities": [
            0.05,
            0.15
        ],
        "velocities": [
            0.09436724565756824,
            0.0001072368501835715
        ],
        "ci_lower": [
            0.06092211381153518,
            -0.00019050037760543525
        ],
        "ci_upper": [
            0.1278123775036013,
            0.00040497407797257827
        ],
        "std_error": [
            0.012046026691981137,
            0.0001072368501835715
        ]
    },
    "100": {
        "densities": [
            0.05,
            0.15
        ],
        "velocities": [
            0.11816004962779156,
            0.0
        ],
        "ci_lower": [
            0.09439622854233636,
            0.0
        ],
        "ci_upper": [
            0.14192387071324675,
            0.0
        ],
        "std_error": [
            0.0085590819141235,
            0.0
        ]
    },
    "metadata": {
        "timestamp": "0102_1000",
        "experiment_type": "speed_compliance",
        "n_variables": 3,
        "variable_values": [
            50,
            75,
            100
        ],
        "statistical_info": {
            "confidence_level": 0.95,
            "ci_method": "t-distribution",
            "normality_test": "Shapiro-Wilk",
            "normality_alpha": 0.05
        }
    }
}