{
    "50": {
        "densities": [
            0.05,
            0.15,
            0.25,
            0.35,
            0.45,
            0.55
        ],
        "velocities": [
            1.0267216501240695,
            0.6825720416439143,
            0.04802246071938186,
            0.010052576987448382,
            0.0016613581010877553,
            0.000398183395619933
        ],
        "ci_lower": [
            1.0182376778084208,
            0.5797878171753565,
            0.03028600280137798,
            0.005799823966981057,
            0.0010596630589479834,
            0.0001952085965972849
        ],
        "ci_upper": [
            1.0352056224397181,
            0.785356266112472,
            0.06575891863738574,
            0.014305330007915708,
            0.002263053143227527,
            0.0006011581946425811
        ],
        "std_error": [
            0.004221773914654859,
            0.0511472387644412,
            0.00882597356411554,
            0.0021162447376404567,
            0.00029941404084940753,
            0.00010100383169161953
        ]
    },
    "75": {
        "densities": [
            0.05,
            0.15,
            0.25,
            0.35,
            0.45,
            0.55
        ],
        "velocities": [
            1.114377729528536,
            0.6943326201830123,
            0.08814432032898928,
            0.00589875088328872,
            0.0045031088760991295,
            0.0003557067069772699
        ],
        "ci_lower": [
            1.1010689998046759,
            0.5873096432751506,
            0.052727781299094494,
            0.002534956760058394,
            0.003037199144219487,
            8.849635881075284e-05
        ],
        "ci_upper": [
            1.127686459252396,
            0.8013555970908741,
            0.12356085935888406,
            0.009262545006519046,
            0.005969018607978772,
            0.0006229170551437871
        ],
        "std_error": [
            0.006622658101058244,
            0.05325651656652998,
            0.017623893037460377,
            0.0016738831475827918,
            0.0007294624778387272,
            0.0001329685712828737
        ]
    },
    "100": {
        "densities": [
            0.05,
            0.15,
            0.25,
            0.35,
            0.45,
            0.55
        ],
        "velocities": [
            1.8738875930521093,
            1.0564666676140881,
            0.18446095012990102,
            0.009107470831655548,
            0.0010881662692307722,
            0.0007349596131773585
        ],
        "ci_lower": [
            1.8647867333564057,
            0.8800657571053894,
            0.130259085941768,
            0.005747009195040013,
            0.0006394923523781058,
            0.0004972136973877225
        ],
        "ci_upper": [
            1.882988452747813,
            1.232867578122787,
            0.23866281431803404,
            0.012467932468271083,
            0.0015368401860834386,
            0.0009727055289669945
        ],
        "std_error": [
            0.00452874793018676,
            0.08778019715285443,
            0.02697180139697711,
            0.0016722248436023186,
            0.0002232680362311866,
            0.0001183065512537196
        ]
    },
    "metadata": {
        "timestamp": "3001_2021",
        "experiment_type": "speed_compliance",
        "n_variables": 3,
        "variable_values": [
            50,
            75,
            100
        ],
        "statistical_info": {
            "confidence_level": 0.95,
            "ci_method": "t-distribution",
            "normality_test": "Shapiro-Wilk",
            "normality_alpha": 0.05
        }
    }
}