{
    "1": {
        "densities": [
            0.1,
            0.2,
            0.3,
            0.4,
            0.5,
            0.6,
            0.7,
            0.8,
            0.9
        ],
        "velocities": [
            1.724408890290038,
            1.06088531821046,
            0.024737394957983196,
            0.00129174543163201,
            0.0008852066532258065,
            0.0007377651753833228,
            0.0011802430243024302,
            0.0010318210459987396,
            0.0009967446093531221
        ],
        "ci_lower": [
            1.724408890290038,
            1.06088531821046,
            0.024737394957983196,
            0.00129174543163201,
            0.0008852066532258065,
            0.0007377651753833228,
            0.0011802430243024302,
            0.0010318210459987396,
            0.0009967446093531221
        ],
        "ci_upper": [
            1.724408890290038,
            1.06088531821046,
            0.024737394957983196,
            0.00129174543163201,
            0.0008852066532258065,
            0.0007377651753833228,
            0.0011802430243024302,
            0.0010318210459987396,
            0.0009967446093531221
        ],
        "std_error": [
            0.0,
            0.0,
            0.0,
            0.0,
            0.0,
            0.0,
            0.0,
            0.0,
            0.0
        ]
    },
    "3": {
        "densities": [
            0.1,
            0.2,
            0.3,
            0.4,
            0.5,
            0.6,
            0.7,
            0.8,
            0.9
        ],
        "velocities": [
            1.724408890290038,
            1.1082073093887839,
            0.026559873949579833,
            0.00039776307498424704,
            0.0012144027217741934,
            0.0012681159420289856,
            0.0,
            0.0006714713295526149,
            0.0007350882105852702
        ],
        "ci_lower": [
            1.724408890290038,
            1.1082073093887839,
            0.026559873949579833,
            0.00039776307498424704,
            0.0012144027217741934,
            0.0012681159420289856,
            0.0,
            0.0006714713295526149,
            0.0007350882105852702
        ],
        "ci_upper": [
            1.724408890290038,
            1.1082073093887839,
            0.026559873949579833,
            0.00039776307498424704,
            0.0012144027217741934,
            0.0012681159420289856,
            0.0,
            0.0006714713295526149,
            0.0007350882105852702
        ],
        "std_error": [
            0.0,
            0.0,
            0.0,
            0.0,
            0.0,
            0.0,
            0.0,
            0.0,
            0.0
        ]
    },
    "5": {
        "densities": [
            0.1,
            0.2,
            0.3,
            0.4,
            0.5,
            0.6,
            0.7,
            0.8,
            0.9
        ],
        "velocities": [
            0.5990305800756621,
            1.0728497164461248,
            0.02245798319327731,
            0.0006596565847511027,
            0.003096648185483871,
            0.0010790800252047888,
            0.0007425742574257426,
            0.0009245037807183365,
            0.0006712055446653599
        ],
        "ci_lower": [
            0.5990305800756621,
            1.0728497164461248,
            0.02245798319327731,
            0.0006596565847511027,
            0.003096648185483871,
            0.0010790800252047888,
            0.0007425742574257426,
            0.0009245037807183365,
            0.0006712055446653599
        ],
        "ci_upper": [
            0.5990305800756621,
            1.0728497164461248,
            0.02245798319327731,
            0.0006596565847511027,
            0.003096648185483871,
            0.0010790800252047888,
            0.0007425742574257426,
            0.0009245037807183365,
            0.0006712055446653599
        ],
        "std_error": [
            0.0,
            0.0,
            0.0,
            0.0,
            0.0,
            0.0,
            0.0,
            0.0,
            0.0
        ]
    },
    "metadata": {
        "timestamp": "2901_1659",
        "experiment_type": "max_speed",
        "n_variables": 3,
        "variable_values": [
            1,
            3,
            5
        ],
        "statistical_info": {
            "confidence_level": 0.95,
            "ci_method": "t-distribution",
            "normality_test": "Shapiro-Wilk",
            "normality_alpha": 0.05
        }
    }
}