{
    "1": {
        "densities": [
            0.1,
            0.2,
            0.3,
            0.4,
            0.5,
            0.6,
            0.7,
            0.8,
            0.9
        ],
        "velocities": [
            1.7393540353089534,
            0.9303999684940139,
            0.02319170168067227,
            0.0015655324511657214,
            0.0011314264112903226,
            0.0008840579710144927,
            0.0006931593159315932,
            0.0006791509136735979,
            0.0005385746289554747
        ],
        "ci_lower": [
            1.7353295436597773,
            0.8204783258304053,
            0.019779238853366295,
            0.0014562737649087504,
            0.0007557731691109936,
            0.0006912144402100801,
            0.0005100643698404237,
            0.000530479443735759,
            0.0004260821850033185
        ],
        "ci_upper": [
            1.7433785269581294,
            1.0403216111576226,
            0.026604164507978246,
            0.0016747911374226925,
            0.0015070796534696516,
            0.0010769015018189053,
            0.0008762542620227628,
            0.0008278223836114369,
            0.000651067072907631
        ],
        "std_error": [
            0.0019499464382597815,
            0.05325922732215167,
            0.001653406272357783,
            5.29380117261126e-05,
            0.0001820114850426614,
            9.343653529769214e-05,
            8.871315165157281e-05,
            7.203429117202622e-05,
            5.450483179920492e-05
        ]
    },
    "3": {
        "densities": [
            0.1,
            0.2,
            0.3,
            0.4,
            0.5,
            0.6,
            0.7,
            0.8,
            0.9
        ],
        "velocities": [
            1.7263814627994956,
            0.880392879647133,
            0.024211764705882346,
            0.0014373818525519847,
            0.001116242439516129,
            0.0009318420499894979,
            0.0007279027902790279,
            0.0006638705103969756,
            0.0005366493979277513
        ],
        "ci_lower": [
            1.698610955746012,
            0.7243982968290993,
            0.019905893170104723,
            0.0013425961347606982,
            0.000720009917435663,
            0.0006930246616634987,
            0.0006267607977063008,
            0.0005280277852901129,
            0.000400984486933286
        ],
        "ci_upper": [
            1.754151969852979,
            1.0363874624651668,
            0.02851763624165997,
            0.0015321675703432712,
            0.0015124749615965949,
            0.001170659438315497,
            0.0008290447828517549,
            0.0007997132355038382,
            0.0006723143089222166
        ],
        "std_error": [
            0.013455364313824509,
            0.07558248535964085,
            0.002086280603045293,
            4.592556996431002e-05,
            0.0001919825564333522,
            0.00011571178582421123,
            4.900531181772099e-05,
            6.58185085412864e-05,
            6.57323540588408e-05
        ]
    },
    "5": {
        "densities": [
            0.1,
            0.2,
            0.3,
            0.4,
            0.5,
            0.6,
            0.7,
            0.8,
            0.9
        ],
        "velocities": [
            1.7376633039092055,
            1.0645954631379964,
            0.02447909663865546,
            0.0023676748582230622,
            0.0008842615927419355,
            0.0008034551564797311,
            0.000831053105310531,
            0.0008041115311909262,
            0.0006237398487818538
        ],
        "ci_lower": [
            1.73163708940937,
            1.0588119750872382,
            0.019022597884057312,
            0.0011410895799583555,
            0.0007475903219719177,
            0.0006397842481063751,
            0.0007477450482390183,
            0.0007041222347447545,
            0.0004823192485452167
        ],
        "ci_upper": [
            1.743689518409041,
            1.0703789511887545,
            0.02993559539325361,
            0.003594260136487769,
            0.0010209328635119534,
            0.0009671260648530871,
            0.0009143611623820437,
            0.000904100827637098,
            0.000765160449018491
        ],
        "std_error": [
            0.0029198210667301587,
            0.002802215263038954,
            0.0026437824300308706,
            0.0005943050211233083,
            6.621995543337669e-05,
            7.930181813017547e-05,
            4.0364414521321506e-05,
            4.844680756369118e-05,
            6.852110024490903e-05
        ]
    },
    "metadata": {
        "timestamp": "2901_1702",
        "experiment_type": "max_speed",
        "n_variables": 3,
        "variable_values": [
            1,
            3,
            5
        ],
        "statistical_info": {
            "confidence_level": 0.95,
            "ci_method": "t-distribution",
            "normality_test": "Shapiro-Wilk",
            "normality_alpha": 0.05
        }
    }
}