{
    "1": {
        "densities": [
            0.05,
            0.1,
            0.15,
            0.2,
            0.25,
            0.3,
            0.35,
            0.4,
            0.45,
            0.5,
            0.55,
            0.6,
            0.65,
            0.7,
            0.75,
            0.8,
            0.85,
            0.9,
            0.95
        ],
        "velocities": [
            1.9171253846153846,
            1.757742386957859,
            0.82357403609516,
            0.42312899876960935,
            0.20544343626968506,
            0.12146513893161077,
            0.09764078565779068,
            0.058764014918486616,
            0.04650753588516747,
            0.044511272760826774,
            0.03550076897265254,
            0.022602975854821346,
            0.020471098334279764,
            0.020222163634765797,
            0.01799624753937008,
            0.016738206005613442,
            0.01359568481997467,
            0.011058245044429255,
            0.008422772453538821
        ],
        "ci_lower": [
            1.9027508705620697,
            1.6901022671740582,
            0.6962408386288145,
            0.2948194971486632,
            0.176903021545108,
            0.08953401455990653,
            0.06803100315032076,
            0.044806837760800466,
            0.03403813105287713,
            0.030961909549163703,
            0.02465517831972236,
            0.01522009540011063,
            0.015059197202909594,
            0.015132122098735363,
            0.013415797061793043,
            0.012418115310026855,
            0.011099165316278107,
            0.009840593539255914,
            0.007664990957210473
        ],
        "ci_upper": [
            1.9314998986686995,
            1.8253825067416598,
            0.9509072335615055,
            0.5514385003905555,
            0.2339838509942621,
            0.15339626330331502,
            0.1272505681652606,
            0.07272119207617277,
            0.05897694071745781,
            0.058060635972489845,
            0.046346359625582714,
            0.029985856309532065,
            0.025882999465649932,
            0.02531220517079623,
            0.022576698016947117,
            0.02105829670120003,
            0.016092204323671234,
            0.012275896549602596,
            0.009180553949867169
        ],
        "std_error": [
            0.0069647386361741575,
            0.03277298654176382,
            0.06169547274935063,
            0.06216851157633181,
            0.013828399929725288,
            0.015471266352604407,
            0.014346529939976052,
            0.006762530590009526,
            0.00604167523739847,
            0.0065649366027830435,
            0.0052549048943447505,
            0.00357715276902322,
            0.002622173992456885,
            0.0024662266017644614,
            0.002219319574487197,
            0.0020931700694528624,
            0.0012096134713749144,
            0.0005899764299524717,
            0.00036716024247364327
        ]
    },
    "3": {
        "densities": [
            0.05,
            0.1,
            0.15,
            0.2,
            0.25,
            0.3,
            0.35,
            0.4,
            0.45,
            0.5,
            0.55,
            0.6,
            0.65,
            0.7,
            0.75,
            0.8,
            0.85,
            0.9,
            0.95
        ],
        "velocities": [
            1.9186909230769231,
            1.5467688403568132,
            0.8402880947497948,
            0.32676395724392493,
            0.1907360974409449,
            0.18491899928227215,
            0.1145569250373495,
            0.043043928791141176,
            0.040150341763499665,
            0.026086398868110233,
            0.027396873776634415,
            0.025976431537396833,
            0.026379424569373464,
            0.013685945601546708,
            0.031787760416666665,
            0.01789835249336768,
            0.012765044327845126,
            0.010641114149008885,
            0.008468116622417924
        ],
        "ci_lower": [
            1.906331868238428,
            1.4401775319065062,
            0.7000770196793513,
            0.21519475750362194,
            0.15533357634033412,
            0.14292629624482495,
            0.09077464647241348,
            0.032615010645329824,
            0.02745921353704648,
            0.018864446116281637,
            0.01798014216555443,
            0.017374780925668715,
            0.016084989557496272,
            0.01008562726405696,
            0.02581523778965046,
            0.014505341217172018,
            0.010962052434059143,
            0.009248090026259065,
            0.007912278709126632
        ],
        "ci_upper": [
            1.9310499779154182,
            1.6533601488071201,
            0.9804991698202383,
            0.4383331569842279,
            0.2261386185415557,
            0.22691170231971936,
            0.13833920360228552,
            0.05347284693695253,
            0.05284146998995285,
            0.03330835161993883,
            0.0368136053877144,
            0.03457808214912495,
            0.036673859581250655,
            0.017286263939036456,
            0.03776028304368287,
            0.02129136376956334,
            0.014568036221631109,
            0.012034138271758706,
            0.009023954535709216
        ],
        "std_error": [
            0.00598820846541323,
            0.051645614000635165,
            0.06793506118820287,
            0.05405750157231383,
            0.017153227275222758,
            0.020346301808710495,
            0.011522988099849422,
            0.005053018757658772,
            0.006149104642256408,
            0.003499180088643435,
            0.004562594202135587,
            0.004167671208096128,
            0.0049878589981461365,
            0.0017444260122211556,
            0.0028938062839217378,
            0.001643981608049198,
            0.0008735855178675868,
            0.0006749479594825585,
            0.0002693145504461432
        ]
    },
    "5": {
        "densities": [
            0.05,
            0.1,
            0.15,
            0.2,
            0.25,
            0.3,
            0.35,
            0.4,
            0.45,
            0.5,
            0.55,
            0.6,
            0.65,
            0.7,
            0.75,
            0.8,
            0.85,
            0.9,
            0.95
        ],
        "velocities": [
            1.9207663076923078,
            1.6117986004306368,
            0.8535043068088598,
            0.5655053445093817,
            0.27701291830708663,
            0.08226725110222494,
            0.08998402759469198,
            0.05931592202399262,
            0.09719125085440875,
            0.048414323941929134,
            0.05265275991275656,
            0.02612526272620085,
            0.02449589485141018,
            0.01747152649617717,
            0.01646293676181102,
            0.0203134684147795,
            0.018751637416319883,
            0.012864217361585781,
            0.008615351615618728
        ],
        "ci_lower": [
            1.9063856099885161,
            1.5125301047973136,
            0.6999268476892683,
            0.47591871760494986,
            0.196668554611735,
            0.06165924025642271,
            0.0659215168374667,
            0.04063018226489408,
            0.06744722615363691,
            0.0371703953273247,
            0.03717128716419347,
            0.016454703659025405,
            0.018360388792842918,
            0.01087663574829215,
            0.01262843205438392,
            0.016386143488983443,
            0.014712763195303576,
            0.010870979182941791,
            0.007744886248343175
        ],