{
    "1": {
        "densities": [
            0.05,
            0.1,
            0.15,
            0.2,
            0.25,
            0.3,
            0.35
        ],
        "velocities": [
            1.5589583333333334,
            1.5262499999999997,
            1.2892361111111112,
            1.0289583333333332,
            0.6673333333333332,
            0.002604166666666667,
            0.0
        ],
        "ci_lower": [
            1.5589583333333334,
            1.5262499999999997,
            1.2892361111111112,
            1.0289583333333332,
            0.6673333333333332,
            0.002604166666666667,
            0.0
        ],
        "ci_upper": [
            1.5589583333333334,
            1.5262499999999997,
            1.2892361111111112,
            1.0289583333333332,
            0.6673333333333332,
            0.002604166666666667,
            0.0
        ],
        "std_error": [
            0.0,
            0.0,
            0.0,
            0.0,
            0.0,
            0.0,
            0.0
        ]
    },
    "3": {
        "densities": [
            0.05,
            0.1,
            0.15,
            0.2,
            0.25,
            0.3,
            0.35
        ],
        "velocities": [
            1.5585416666666665,
            1.534375,
            1.3277777777777777,
            1.02703125,
            0.21954166666666666,
            0.002604166666666667,
            0.0
        ],
        "ci_lower": [
            1.5585416666666665,
            1.534375,
            1.3277777777777777,
            1.02703125,
            0.21954166666666666,
            0.002604166666666667,
            0.0
        ],
        "ci_upper": [
            1.5585416666666665,
            1.534375,
            1.3277777777777777,
            1.02703125,
            0.21954166666666666,
            0.002604166666666667,
            0.0
        ],
        "std_error": [
            0.0,
            0.0,
            0.0,
            0.0,
            0.0,
            0.0,
            0.0
        ]
    },
    "5": {
        "densities": [
            0.05,
            0.1,
            0.15,
            0.2,
            0.25,
            0.3,
            0.35
        ],
        "velocities": [
            1.5589583333333334,
            1.5334375,
            1.29,
            1.07890625,
            0.7151249999999999,
            0.11645833333333334,
            0.0
        ],
        "ci_lower": [
            1.5589583333333334,
            1.5334375,
            1.29,
            1.07890625,
            0.7151249999999999,
            0.11645833333333334,
            0.0
        ],
        "ci_upper": [
            1.5589583333333334,
            1.5334375,
            1.29,
            1.07890625,
            0.7151249999999999,
            0.11645833333333334,
            0.0
        ],
        "std_error": [
            0.0,
            0.0,
            0.0,
            0.0,
            0.0,
            0.0,
            0.0
        ]
    },
    "metadata": {
        "timestamp": "3001_1626",
        "experiment_type": "max_speed",
        "n_variables": 3,
        "variable_values": [
            1,
            3,
            5
        ],
        "statistical_info": {
            "confidence_level": 0.95,
            "ci_method": "t-distribution",
            "normality_test": "Shapiro-Wilk",
            "normality_alpha": 0.05
        }
    }
}