{
    "1": {
        "densities": [
            0.1,
            0.2,
            0.3,
            0.4,
            0.5,
            0.6,
            0.7,
            0.8,
            0.9
        ],
        "velocities": [
            1.7349129886506938,
            0.8509062696912413,
            0.03258098739495798,
            0.00516028670447385,
            0.0011239289314516128,
            0.0008592732619197648,
            0.0007437893789378938,
            0.0008299858223062382,
            0.0006545085410249229
        ],
        "ci_lower": [
            1.7298586195177483,
            0.6892333374229358,
            0.02412502086530037,
            0.0024305141502715937,
            0.000806608775888673,
            0.0006799723646851109,
            0.0006071840233007349,
            0.0006777131654542601,
            0.0005385876735467908
        ],
        "ci_upper": [
            1.7399673577836392,
            1.0125792019595468,
            0.04103695392461559,
            0.007890059258676106,
            0.0014412490870145526,
            0.0010385741591544186,
            0.0008803947345750526,
            0.0009822584791582163,
            0.000770429408503055
        ],
        "std_error": [
            0.002448942611287317,
            0.07833375887464958,
            0.0040970843659038515,
            0.001322629224591827,
            0.0001537479416200741,
            8.687485934057714e-05,
            6.618801823739022e-05,
            7.377913802695036e-05,
            5.6165971348268545e-05
        ]
    },
    "3": {
        "densities": [
            0.1,
            0.2,
            0.3,
            0.4,
            0.5,
            0.6,
            0.7,
            0.8,
            0.9
        ],
        "velocities": [
            1.7340857503152582,
            0.9503204158790172,
            0.03622237394957983,
            0.0028432577189666038,
            0.0010679813508064516,
            0.0009746376811594203,
            0.0008234023402340233,
            0.0007033317580340265,
            0.0006453024362923549
        ],
        "ci_lower": [
            1.7291727617779522,
            0.8728464963017736,
            0.024746149806099384,
            0.0013712036222946781,
            0.0007155321472287666,
            0.0006652942734341032,
            0.0006768920425416005,
            0.000522989834806217,
            0.0005350501453790891
        ],
        "ci_upper": [
            1.7389987388525643,
            1.0277943354562609,
            0.04769859809306027,
            0.004315311815638529,
            0.0014204305543841366,
            0.0012839810888847373,
            0.0009699126379264462,
            0.000883673681261836,
            0.0007555547272056208
        ],
        "std_error": [
            0.0023804408940673004,
            0.03753765859312946,
            0.005560459393134079,
            0.000713239557428034,
            0.00017076866573310172,
            0.00014988304826439936,
            7.098716013293515e-05,
            8.737925718866444e-05,
            5.341943299107581e-05
        ]
    },
    "5": {
        "densities": [
            0.1,
            0.2,
            0.3,
            0.4,
            0.5,
            0.6,
            0.7,
            0.8,
            0.9
        ],
        "velocities": [
            1.734930958385876,
            1.0529963768115942,
            0.026488340336134453,
            0.003252441713925646,
            0.0008576738911290321,
            0.0008948225162780928,
            0.0008998199819981998,
            0.0006952583490863264,
            0.0006610543265191822
        ],
        "ci_lower": [
            1.7313070205420433,
            1.0249131622654708,
            0.020844943446749406,
            0.001892773577111941,
            0.0006280500571376379,
            0.0006928327159670813,
            0.0007745983576529403,
            0.0005703380956817197,
            0.0005287139013633289
        ],
        "ci_upper": [
            1.7385548962297088,
            1.0810795913577176,
            0.0321317372255195,
            0.004612109850739351,
            0.0010872977251204263,
            0.0010968123165891043,
            0.0010250416063434594,
            0.0008201786024909331,
            0.0007933947516750356
        ],
        "std_error": [
            0.0017558701339343771,
            0.01360687732829816,
            0.002734338302427755,
            0.0006587863192952599,
            0.00011125732546189913,
            9.786808521814183e-05,
            6.067237347482991e-05,
            6.052635324580513e-05,
            6.412157439145751e-05
        ]
    },
    "metadata": {
        "timestamp": "2901_1816",
        "experiment_type": "max_speed",
        "n_variables": 3,
        "variable_values": [
            1,
            3,
            5
        ],
        "statistical_info": {
            "confidence_level": 0.95,
            "ci_method": "t-distribution",
            "normality_test": "Shapiro-Wilk",
            "normality_alpha": 0.05
        }
    }
}