{
    "1": {
        "densities": [
            0.05,
            0.1,
            0.15,
            0.2,
            0.25,
            0.3,
            0.35
        ],
        "velocities": [
            1.879117741935484,
            1.8384694789081886,
            1.177970359652749,
            0.29657711984911844,
            0.12595790543455376,
            0.005240362293176537,
            0.00019063470253874942
        ],
        "ci_lower": [
            1.8783302375785502,
            1.8043830398517198,
            0.9750864945966511,
            0.10735829290280721,
            0.04946540586293281,
            -0.00011775720322510733,
            4.458406587912035e-05
        ],
        "ci_upper": [
            1.879905246292418,
            1.8725559179646574,
            1.3808542247088471,
            0.4857959467954297,
            0.20245040500617473,
            0.01059848178957818,
            0.00033668533919837846
        ],
        "std_error": [
            0.0003815615610064904,
            0.0165155592867806,
            0.09830127741164832,
            0.09168029401457298,
            0.03706214103433601,
            0.002596115718097654,
            7.076444519851938e-05
        ]
    },
    "3": {
        "densities": [
            0.05,
            0.1,
            0.15,
            0.2,
            0.25,
            0.3,
            0.35,
            0.4,
            0.45,
            0.5
        ],
        "velocities": [
            1.8771699751861042,
            1.2406501737942945,
            1.4619896238114922,
            0.5275203076279275,
            0.07054024600657323,
            0.013349238749671661,
            0.005549510933897293,
            0.0013132238554324953,
            0.00614366203949206,
            0.00027831430835741853
        ],
        "ci_lower": [
            1.8758776195498574,
            0.9377775041647327,
            1.4380636474311976,
            0.4096351530529844,
            0.048741701807558886,
            0.006554101464421282,
            0.002834960645472728,
            0.0005623567015210123,
            0.002962302906761364,
            9.243221022954998e-05
        ],
        "ci_upper": [
            1.878462330822351,
            1.5435228434238564,
            1.4859156001917868,
            0.6454054622028705,
            0.09233879020558758,
            0.02014437603492204,
            0.008264061222321858,
            0.0020640910093439784,
            0.009325021172222756,
            0.0004641964064852871
        ],
        "std_error": [
            0.000626172070795633,
            0.14674784665320625,
            0.011592612556220593,
            0.05711770760766179,
            0.010561829250861758,
            0.0032923794858843816,
            0.0013152537333439996,
            0.00036381010572495993,
            0.0015414319249397667,
            9.00635823793797e-05
        ]
    },
    "5": {
        "densities": [
            0.05,
            0.1,
            0.15,
            0.2,
            0.25,
            0.3,
            0.35
        ],
        "velocities": [
            1.8789076923076922,
            1.5760342750910243,
            0.968699953294087,
            0.3477127472198353,
            0.16745425389100524,
            0.007406046739890262,
            0.0005826337758296886
        ],
        "ci_lower": [
            1.878182176305179,
            1.3296483297618986,
            0.7122432709860327,
            0.17259797745491995,
            0.10018689330765498,
            0.0040030755201987045,
            0.00045132247142933664
        ],
        "ci_upper": [
            1.8796332083102054,
            1.82242022042015,
            1.2251566356021413,
            0.5228275169847507,
            0.2347216144743555,
            0.010809017959581821,
            0.0007139450802300406
        ],
        "std_error": [
            0.00035152696745955703,
            0.11937890258268039,
            0.12425837542410956,
            0.0848465971248041,
            0.03259237727763577,
            0.0016488073992392653,
            6.362294486836239e-05
        ]
    },
    "metadata": {
        "timestamp": "3001_1955",
        "experiment_type": "max_speed",
        "n_variables": 3,
        "variable_values": [
            1,
            3,
            5
        ],
        "statistical_info": {
            "confidence_level": 0.95,
            "ci_method": "t-distribution",
            "normality_test": "Shapiro-Wilk",
            "normality_alpha": 0.05
        }
    }
}