{
    "1": {
        "densities": [
            0.05,
            0.1,
            0.15,
            0.2,
            0.25,
            0.3,
            0.35,
            0.4,
            0.45,
            0.5,
            0.55,
            0.6,
            0.65,
            0.7,
            0.75,
            0.8,
            0.85,
            0.9,
            0.95
        ],
        "velocities": [
            1.8777396091811416,
            1.3485538151364764,
            1.1321204526663913,
            0.7204554263565891,
            0.1629896763392857,
            0.10300563249276562,
            0.058446801913536496,
            0.041621647806541616,
            0.04301105828854899,
            0.023146236359126982,
            0.03034484216459978,
            0.01750116267052501,
            0.008139606982733949,
            0.009607804057046681,
            0.007213903356481481,
            0.005303392884824058,
            0.003363364458710242,
            0.004007104719255942,
            0.0024340366164088507
        ],
        "ci_lower": [
            1.8764238713201409,
            1.1158041484003351,
            0.8196289439785416,
            0.40845953059145795,
            0.08943573880717462,
            0.0435203550921196,
            0.042658182329405776,
            0.024314184593614264,
            0.02597913268878396,
            0.01555868995088813,
            0.020213487325592423,
            0.01159526020308844,
            0.0024832445342421626,
            0.005664478555583181,
            0.003576453015194217,
            0.002830168457641107,
            0.0012635718355972626,
            0.002191005006031686,
            0.0018624714587030713
        ],
        "ci_upper": [
            1.8790553470421423,
            1.5813034818726177,
            1.444611961354241,
            1.0324513221217202,
            0.2365436138713968,
            0.16249090989341164,
            0.07423542149766721,
            0.05892911101946897,
            0.060042983888314014,
            0.030733782767365835,
            0.040476197003607134,
            0.023407065137961584,
            0.013795969431225734,
            0.013551129558510181,
            0.010851353697768747,
            0.00777661731200701,
            0.0054631570818232215,
            0.005823204432480198,
            0.00300560177411463
        ],
        "std_error": [
            0.000581629730509421,
            0.1028883715764857,
            0.13813872608815034,
            0.13791963745414348,
            0.032514954637064296,
            0.02629581992685033,
            0.006979452994420013,
            0.007650866835039446,
            0.007529063797793932,
            0.003354119922713886,
            0.0044786255373277925,
            0.0026107392379339654,
            0.0025004285915109963,
            0.0017431704420078043,
            0.0016079565120479947,
            0.0010933035369048165,
            0.0009282257915554068,
            0.0008028176569893733,
            0.000252663770268133
        ]
    },
    "3": {
        "densities": [
            0.05,
            0.1,
            0.15,
            0.2,
            0.25,
            0.3,
            0.35,
            0.4,
            0.45,
            0.5,
            0.55,
            0.6,
            0.65,
            0.7,
            0.75,
            0.8,
            0.85,
            0.9,
            0.95
        ],
        "velocities": [
            1.8789570409429281,
            1.5719556451612904,
            1.138828544853245,
            0.5260151162790697,
            0.24997736855158728,
            0.10382337742868955,
            0.07867635985116939,
            0.05361436211440086,
            0.041172747002893764,
            0.01679966517857143,
            0.01786640360766629,
            0.0113349395411327,
            0.014331954116188114,
            0.00806553946319426,
            0.008101593501984127,
            0.007803731979538056,
            0.004766194922672893,
            0.003313167413021012,
            0.002565392272044906
        ],
        "ci_lower": [
            1.8765436990525162,
            1.1739304769967485,
            0.8038479854689315,
            0.21552956673554258,
            0.13892261182370164,
            0.0693438277235442,
            0.04455380174326477,
            0.04225948035667369,
            0.0323208062380679,
            0.00708126442373278,
            0.010866573435024209,
            0.0027762309227425657,
            0.009297893856388437,
            0.0035321405629496544,
            0.004628012686133307,
            0.005005876264496762,
            0.002275139632505405,
            0.0021337319344625866,
            0.0017306483028526618
        ],
        "ci_upper": [
            1.8813703828333401,
            1.9699808133258323,
            1.4738091042375583,
            0.8365006658225969,
            0.3610321252794729,
            0.1383029271338349,
            0.112798917959074,
            0.06496924387212803,
            0.05002468776771963,
            0.02651806593341008,
            0.024866233780308368,
            0.019893648159522832,
            0.01936601437598779,
            0.012598938363438866,
            0.011575174317834946,
            0.01060158769457935,
            0.0072572502128403805,
            0.004492602891579437,
            0.00340013624123715
        ],
        "std_error": [
            0.00106683210611557,
            0.17594938791183057,
            0.14808014442359876,
            0.13725197994280663,
            0.04909241433418845,
            0.01524188958721307,
            0.015084079332867022,
            0.00501949287351947,
            0.003913052952367652,
            0.0042960767334915065,
            0.0030943164726055525,
            0.00378342794166956,
            0.0022253362155653,
            0.0020040158900918037,
            0.0015355170157445215,
            0.001236808724426255,
            0.0011011857757153329,
            0.0005213764533806155,
            0.0003690035258819381
        ]
    },
    "5": {
        "densities": [
            0.05,
            0.1,
            0.15,
            0.2,
            0.25,
            0.3,
            0.35,
            0.4,
            0.45,
            0.5,
            0.55,
            0.6,
            0.65,
            0.7,
            0.75,
            0.8,
            0.85,
            0.9,
            0.95
        ],
        "velocities": [
            1.877130893300248,
            1.545155086848635,
            1.136826942951633,
            0.8496631782945736,
            0.36324606274801585,
            0.11260735324514262,
            0.03146394401133947,
            0.039707700356533863,
            0.035407279178724,
            0.02530467199900794,
            0.025726395152198423,
            0.01687512918561389,
            0.01191894018887723,
            0.011332879351581183,
            0.00977477058531746,
            0.005664722523639745,
            0.0037631310183834253,
            0.004908672063382708,
            0.00237819006592259
        ],
        "ci_lower": [
            1.874508576879335,
            1.2674854718968402,
            0.8489703345539001,
            0.5568233310531177,
            0.33046504675963684,
            0.07286334029765393,
            0.008981466412691597,
            0.024303104404358223,
            0.023894957209230877,
            0.01813035301305046,
            0.015485584661867603,
            0.011382048064006223,
            0.006696703403310223,
            0.007233544980899426,
            0.005949478891143268,
            0.002209841368318487,
            0.0014495694440979025,
            0.0028408920900771357,
            0.0016004171285552541
        ],