{
    "1": {
        "densities": [
            0.05,
            0.15,
            0.25,
            0.35,
            0.45,
            0.55
        ],
        "velocities": [
            1.8471335607940447,
            0.8881659575840815,
            0.05356793465562577,
            0.007716217714220255,
            0.002731384675590535,
            0.00031400996656007077
        ],
        "ci_lower": [
            1.8106863012418788,
            0.7019797043057315,
            0.034050466005919114,
            0.004106810473525912,
            0.0015279042467181985,
            0.00014960670528282394
        ],
        "ci_upper": [
            1.8835808203462105,
            1.0743522108624313,
            0.07308540330533242,
            0.011325624954914598,
            0.003934865104462872,
            0.0004784132278373176
        ],
        "std_error": [
            0.018136797706679707,
            0.09264955590531888,
            0.009712235844221567,
            0.0017961045568269092,
            0.0005988730387579604,
            8.180995577558152e-05
        ]
    },
    "3": {
        "densities": [
            0.05,
            0.15,
            0.25,
            0.35,
            0.45,
            0.55
        ],
        "velocities": [
            1.8599941687344914,
            1.2912826599205565,
            0.07104844920964784,
            0.0025586083442258644,
            0.0023006853745985018,
            0.0002112093644029704
        ],
        "ci_lower": [
            1.8372807686805375,
            1.1838107008151773,
            0.04709112270147742,
            0.001155429375781117,
            0.0014983518298867598,
            0.00012367728985216122
        ],
        "ci_upper": [
            1.8827075687884454,
            1.3987546190259357,
            0.09500577571781826,
            0.003961787312670611,
            0.0031030189193102437,
            0.0002987414389537796
        ],
        "std_error": [
            0.011302587548999122,
            0.053479938008644694,
            0.011921587241687176,
            0.0006982465460956048,
            0.0003992552903159319,
            4.3557500577013654e-05
        ]
    },
    "5": {
        "densities": [
            0.05,
            0.15,
            0.25,
            0.35,
            0.45,
            0.55
        ],
        "velocities": [
            1.8782810794044664,
            1.409668106655643,
            0.14774437475805072,
            0.0028238442848141755,
            0.003078042698315754,
            0.0006660634803723989
        ],
        "ci_lower": [
            1.8775539187196852,
            1.3478492556396704,
            0.10052668518366137,
            0.0014729452609363572,
            0.001904034569880433,
            0.0004490607883454757
        ],
        "ci_upper": [
            1.8790082400892476,
            1.4714869576716154,
            0.19496206433244007,
            0.004174743308691994,
            0.004252050826751076,
            0.0008830661723993221
        ],
        "std_error": [
            0.0003618479524160463,
            0.03076214807676634,
            0.02349635321036388,
            0.0006722311257216888,
            0.0005842071034436313,
            0.0001079843580959529
        ]
    },
    "metadata": {
        "timestamp": "3001_2027",
        "experiment_type": "max_speed",
        "n_variables": 3,
        "variable_values": [
            1,
            3,
            5
        ],
        "statistical_info": {
            "confidence_level": 0.95,
            "ci_method": "t-distribution",
            "normality_test": "Shapiro-Wilk",
            "normality_alpha": 0.05
        }
    }
}