road_length,density,velocity,std,std_error,ci_lower,ci_upper,n_samples
32,0.5,0.0016444052419354836,0,0,0.0016444052419354836,0.0016444052419354836,1
