road_length,density,velocity,std,std_error,ci_lower,ci_upper,n_samples
32,0.5,0.0011403729838709675,0,0,0.0011403729838709675,0.0011403729838709675,1
32,0.6,0.0010620142827137157,0,0,0.0010620142827137157,0.0010620142827137157,1
128,0.5,0.044684270423228346,0,0,0.044684270423228346,0.044684270423228346,1
128,0.6,0.024448274978212947,0,0,0.024448274978212947,0.024448274978212947,1
