road_length,density,velocity,std,std_error,ci_lower,ci_upper,n_samples
8,0.3,0.49274906890130354,0,0,0.49274906890130354,0.49274906890130354,1
