road_length,density,velocity,std,std_error,ci_lower,ci_upper,n_samples
8,0.3,0.10726256983240223,0,0,0.10726256983240223,0.10726256983240223,1
