road_length,density,velocity,std,std_error,ci_lower,ci_upper,n_samples
8,0.3,0.5145018621973929,0,0,0.5145018621973929,0.5145018621973929,1
